word,moe_level
ability,1
able,1
about,1
above,1
abroad,1
absent,1
accept,1
accident,1
according,1
across,1
act,1
action,1
active,1
activity,1
actor,1
actress,1
actually,1
add,1
addition,1
address,1
adjacent,1
admire,1
admit,1
adopt,1
adult,1
advance,1
advantage,1
adventure,1
advertisement,1
advice,1
advise,1
affair,1
afraid,1
after,1
afternoon,1
again,1
against,1
age,1
ago,1
agree,1
agricultural,1
agriculture,1
ahead,1
aid,1
aim,1
air,1
aircraft,1
airline,1
airplane,1
airport,1
airtight,1
airway,1
aisle,1
alarm,1
album,1
alike,1
alive,1
all,1
allow,1
almost,1
alone,1
along,1
aloud,1
alphabet,1
already,1
also,1
although,1
altogether,1
always,1
am,1
ambulance,1
america,1
american,1
among,1
amount,1
ancient,1
and,1
angel,1
anger,1
angry,1
animal,1
ankle,1
another,1
answer,1
ant,1
any,1
anybody,1
anymore,1
anyone,1
anything,1
anytime,1
anyway,1
anywhere,1
apartment,1
apologize,1
appear,1
appearance,1
apple,1
appliance,1
apply,1
appreciate,1
apprentice,1
approach,1
april,1
are,1
area,1
argue,1
arm,1
armchair,1
army,1
around,1
arrange,1
arrest,1
arrive,1
art,1
article,1
artist,1
as,1
asia,1
asian,1
ask,1
asleep,1
assemble,1
assess,1
assistant,1
assume,1
at,1
attack,1
attend,1
attention,1
audience,1
august,1
aunt,1
australia,1
authoritative,1
authority,1
autograph,1
automatic,1
autonomy,1
autumn,1
available,1
avenue,1
avert,1
avoid,1
awaken,1
award,1
away,1
awe,1
awesome,1
baby,1
babysit,1
babysitter,1
back,1
backward,1
bad,1
badly,1
badminton,1
bag,1
bake,1
bakery,1
balcony,1
ball,1
balloon,1
banana,1
band,1
bank,1
banker,1
bar,1
barbecue,1
barber,1
bark,1
base,1
baseball,1
basement,1
basic,1
basis,1
basket,1
basketball,1
bat,1
bath,1
bathe,1
bathroom,1
be,1
beach,1
bean,1
bear,1
beard,1
beat,1
beautiful,1
beautify,1
because,1
become,1
bed,1
bedroom,1
bee,1
beef,1
beep,1
beer,1
before,1
begin,1
beginner,1
beginning,1
behalf,1
behave,1
behind,1
belief,1
believe,1
bell,1
belong,1
belongings,1
below,1
belt,1
bench,1
beneficial,1
benefit,1
beside,1
besides,1
best,1
better,1
between,1
beyond,1
bicycle,1
big,1
bill,1
biology,1
bird,1
birthday,1
bit,1
bite,1
bitter,1
black,1
blackboard,1
blame,1
blank,1
blanket,1
blind,1
block,1
blood,1
blouse,1
blow,1
blue,1
board,1
boat,1
body,1
boil,1
bomb,1
bone,1
book,1
bookcase,1
bookstore,1
bored,1
boring,1
born,1
borrow,1
boss,1
both,1
bother,1
bottle,1
bottom,1
bow,1
bowl,1
bowling,1
box,1
boy,1
brace,1
brain,1
branch,1
brand,1
brassierebra,1
brave,1
bravery,1
bread,1
break,1
breakfast,1
breast,1
breath,1
brick,1
bridge,1
bright,1
bring,1
britain,1
broad,1
broadcast,1
brother,1
brown,1
brunch,1
brush,1
bucket,1
buffet,1
bug,1
build,1
building,1
bun,1
bundle,1
burn,1
burst,1
bus,1
business,1
businessperson,1
busy,1
but,1
butter,1
butterfly,1
button,1
buy,1
by,1
cabbage,1
cabinet,1
cable,1
cafe,1
cafeteria,1
cage,1
cake,1
calendar,1
call,1
calm,1
camel,1
camera,1
camp,1
campus,1
can,1
canada,1
canal,1
cancel,1
cancer,1
candle,1
candy,1
canyon,1
cap,1
cape,1
capitalist,1
captain,1
car,1
card,1
care,1
career,1
careful,1
careless,1
carpet,1
carrot,1
carry,1
cartoon,1
case,1
cash,1
castle,1
cat,1
catch,1
cause,1
cd,1
ceiling,1
celebrate,1
cell,1
cellphone,1
cent,1
center,1
centimeter,1
central,1
century,1
cereal,1
certain,1
certainly,1
chair,1
chairperson,1
chalk,1
chance,1
change,1
channel,1
character,1
charge,1
chart,1
chase,1
chat,1
cheap,1
cheat,1
check,1
cheek,1
cheer,1
cheerful,1
cheese,1
chemical,1
cherry,1
chess,1
chicken,1
chief,1
child,1
childhood,1
childish,1
childlike,1
chin,1
china,1
chinese,1
chocolate,1
choice,1
choose,1
chopstick,1
christmas,1
chubby,1
church,1
circle,1
citizen,1
city,1
claim,1
clap,1
class,1
classic,1
classical,1
classmate,1
classroom,1
clean,1
clear,1
clerk,1
clever,1
click,1
climate,1
climb,1
clock,1
close,1
closet,1
clothes,1
cloudy,1
club,1
coach,1
coast,1
coat,1
cockroach,1
coffee,1
coin,1
coke,1
cola,1
cold,1
collapse,1
colleague,1
collect,1
collection,1
college,1
color,1
colorful,1
comb,1
come,1
comfortable,1
comic,1
command,1
common,1
company,1
compare,1
compile,1
complain,1
complete,1
computer,1
conceive,1
concept,1
conception,1
concern,1
confident,1
confirm,1
confucius,1
confuse,1
congratulation,1
consider,1
consist,1
constitute,1
contact,1
contain,1
context,1
continue,1
contract,1
contrary,1
control,1
convenience,1
convenient,1
conversation,1
convict,1
convince,1
cook,1
cookie,1
cool,1
copy,1
corn,1
corner,1
correct,1
cost,1
cotton,1
couch,1
cough,1
could,1
count,1
country,1
countryside,1
county,1
couple,1
courage,1
course,1
court,1
cousin,1
cover,1
cow,1
coxhead,1
crab,1
crayon,1
crazy,1
cream,1
create,1
credit,1
crime,1
crisis,1
criticism,1
crocodile,1
crop,1
cross,1
crowd,1
crowded,1
cruel,1
cruelty,1
cry,1
cumulative,1
cup,1
cure,1
curious,1
current,1
curtain,1
curve,1
custom,1
customer,1
cut,1
cute,1
dad,1
daily,1
damage,1
dance,1
danger,1
dangerous,1
dark,1
data,1
date,1
daughter,1
dawn,1
day,1
dead,1
deaf,1
deal,1
dear,1
death,1
debt,1
december,1
decide,1
decision,1
decorate,1
decrease,1
deep,1
deer,1
define,1
degree,1
delay,1
delicious,1
deliver,1
democracy,1
democratic,1
demonstrate,1
dental,1
dentist,1
deny,1
department,1
depend,1
depress,1
derive,1
describe,1
desert,1
desire,1
desk,1
dessert,1
determine,1
develop,1
dial,1
diamond,1
diary,1
dictionary,1
die,1
diet,1
difference,1
different,1
difficult,1
difficulty,1
dig,1
diligent,1
dining,1
dinner,1
dinosaur,1
diplomat,1
direct,1
direction,1
director,1
dirty,1
disable,1
disappear,1
disapprove,1
disaster,1
disastrous,1
discouragement,1
discover,1
discuss,1
discussion,1
dish,1
dishonest,1
distance,1
distribute,1
distributed,1
divide,1
division,1
dizzy,1
do,1
doctor,1
dodge,1
dog,1
doll,1
dollar,1
dolphin,1
donkey,1
door,1
dot,1
double,1
doubt,1
doughnut,1
down,1
download,1
downstairs,1
downtown,1
dozen,1
dragon,1
drama,1
draw,1
drawer,1
dream,1
dress,1
dresser,1
drift,1
drink,1
drive,1
driver,1
drop,1
drug,1
drugstore,1
drum,1
dry,1
dryer,1
duck,1
dumb,1
dumpling,1
during,1
duty,1
each,1
eagle,1
ear,1
early,1
earn,1
earth,1
east,1
easter,1
eastern,1
easy,1
eat,1
economic,1
economy,1
edge,1
education,1
effect,1
effective,1
effort,1
egg,1
eight,1
eighteen,1
eighty,1
either,1
elder,1
elect,1
election,1
electric,1
elementary,1
elephant,1
eleven,1
else,1
email,1
embarrass,1
embrace,1
emotion,1
emphasize,1
employ,1
empty,1
encounter,1
encourage,1
end,1
enemy,1
engine,1
engineer,1
england,1
english,1
enjoy,1
enormous,1
enough,1
enter,1
entire,1
entrance,1
envelope,1
environment,1
environmental,1
envy,1
equal,1
eraser,1
especially,1
establish,1
estimate,1
eternity,1
europe,1
european,1
eve,1
even,1
evening,1
event,1
ever,1
every,1
everybody,1
everyone,1
everything,1
everywhere,1
evidence,1
evident,1
evil,1
exact,1
exam,1
examinationexam,1
examine,1
example,1
exceed,1
excel,1
excellent,1
except,1
excite,1
excuse,1
exercise,1
exist,1
exit,1
expect,1
expensive,1
experience,1
explain,1
export,1
express,1
extra,1
eye,1
face,1
fact,1
faction,1
factor,1
factory,1
faculty,1
fade,1
fail,1
failure,1
faint,1
fair,1
fairy,1
faith,1
faithful,1
fake,1
fall,1
false,1
family,1
famous,1
fan,1
fancy,1
fantastic,1
far,1
farm,1
farmer,1
fashion,1
fashionable,1
fast,1
fat,1
father,1
faucet,1
fault,1
favor,1
favorite,1
fear,1
february,1
feed,1
feel,1
feeling,1
fellow,1
female,1
fence,1
festival,1
fever,1
few,1
field,1
fifteen,1
fifty,1
fight,1
figure,1
fill,1
film,1
finance,1
find,1
fine,1
finger,1
finish,1
fire,1
firm,1
first,1
fish,1
fisherman,1
fit,1
five,1
fix,1
flag,1
flashlight,1
flat,1
flight,1
floor,1
flour,1
flourish,1
flow,1
flower,1
flu,1
flush,1
flute,1
fly,1
foam,1
focus,1
fog,1
folk,1
folklore,1
follow,1
following,1
food,1
fool,1
foolish,1
foot,1
football,1
for,1
force,1
foreign,1
foreigner,1
forest,1
forget,1
forgive,1
fork,1
form,1
formal,1
former,1
formula,1
forthcoming,1
forty,1
forward,1
four,1
fourteen,1
fox,1
france,1
frank,1
free,1
freedom,1
freezer,1
french,1
fresh,1
friday,1
friend,1
friendly,1
friendship,1
frighten,1
frisbee,1
frog,1
from,1
front,1
fruit,1
fry,1
full,1
fun,1
function,1
functional,1
funny,1
furniture,1
further,1
furthermore,1
fuss,1
future,1
gain,1
game,1
garage,1
garbage,1
garden,1
gas,1
gasoline,1
gate,1
gather,1
general,1
generous,1
genius,1
gentle,1
gentleman,1
geography,1
germany,1
gesture,1
get,1
ghost,1
giant,1
gift,1
girl,1
give,1
glad,1
glass,1
glasses,1
glove,1
glue,1
go,1
goat,1
god,1
gold,1
golden,1
golf,1
good,1
good-looking,1
goodbye,1
goose,1
government,1
gown,1
graceful,1
grade,1
graduate,1
gram,1
grammar,1
grand,1
granddaughter,1
grandfather,1
grandmother,1
grandson,1
grape,1
graphic,1
grass,1
grasshopper,1
gratitude,1
gray,1
great,1
greedy,1
green,1
greet,1
ground,1
group,1
grow,1
growth,1
guard,1
guava,1
guess,1
guest,1
guide,1
guitar,1
gun,1
guy,1
gym,1
habit,1
hair,1
haircut,1
half,1
hall,1
halloween,1
ham,1
hamburger,1
hammer,1
hand,1
handkerchief,1
handle,1
handsome,1
hang,1
hanger,1
happen,1
happy,1
hard,1
hardly,1
hat,1
hate,1
hateful,1
have,1
hay,1
he,1
head,1
headache,1
heal,1
health,1
healthy,1
hear,1
heart,1
heat,1
heater,1
heavy,1
hedge,1
height,1
helicopter,1
hello,1
helmet,1
help,1
helpful,1
hen,1
her,1
here,1
hero,1
heroine,1
hers,1
herself,1
hey,1
hi,1
hide,1
high,1
highway,1
hike,1
hill,1
him,1
himself,1
hip,1
hippopotamus,1
hire,1
his,1
history,1
hit,1
hobby,1
hold,1
hole,1
holiday,1
home,1
homesick,1
hometown,1
homework,1
honest,1
honesty,1
honey,1
hong,1
hop,1
hope,1
horrible,1
horse,1
hospital,1
host,1
hostess,1
hot,1
hotel,1
hour,1
house,1
how,1
however,1
howl,1
httpswwwnaeredutwfi,1
hualian,1
huge,1
human,1
humble,1
humid,1
humiliate,1
humor,1
humorous,1
hundred,1
hunger,1
hungry,1
hunt,1
hunter,1
hurry,1
hurt,1
husband,1
ice,1
idea,1
identify,1
if,1
ignore,1
ill,1
imagine,1
import,1
importance,1
important,1
improve,1
in,1
inch,1
incline,1
include,1
including,1
income,1
increase,1
independent,1
indicate,1
individual,1
industry,1
infinite,1
inflation,1
inflict,1
influence,1
information,1
injure,1
injury,1
ink,1
insect,1
inside,1
insist,1
inspire,1
instant,1
instrument,1
integrity,1
interest,1
international,1
internet,1
interpret,1
interpretation,1
interrupt,1
interview,1
intimate,1
into,1
intrinsic,1
introduce,1
introduction,1
invariable,1
invent,1
invitation,1
invite,1
involve,1
iron,1
is,1
island,1
issue,1
it,1
itch,1
its,1
itself,1
ivory,1
jacket,1
jam,1
january,1
japan,1
japanese,1
jazz,1
jealous,1
jeans,1
jeep,1
jewelry,1
job,1
jockey,1
jog,1
join,1
joint,1
joke,1
journalism,1
journalist,1
joy,1
joyous,1
judge,1
judgmentjudgement,1
juice,1
july,1
jump,1
june,1
junior,1
just,1
kangaroo,1
kaohsiung,1
keep,1
ketchup,1
key,1
kick,1
kid,1
kill,1
kilogram,1
kilometer,1
kind,1
kindergarten,1
king,1
kingdom,1
kiss,1
kitchen,1
kite,1
kitten,1
knee,1
knife,1
knock,1
know,1
knowledge,1
koala,1
korea,1
korean,1
ktv,1
labor,1
lack,1
lady,1
lake,1
lamb,1
lamp,1
land,1
language,1
lantern,1
large,1
last,1
late,1
later,1
latest,1
laugh,1
law,1
lawyer,1
lay,1
layout,1
lazy,1
lead,1
leader,1
leadership,1
leaf,1
league,1
lean,1
learn,1
least,1
leave,1
lecture,1
left,1
left-hand,1
leg,1
legacy,1
legal,1
lemon,1
lend,1
length,1
less,1
lesson,1
let,1
letter,1
lettuce,1
level,1
levy,1
library,1
lick,1
lid,1
lie,1
life,1
lift,1
light,1
lighthouse,1
lightning,1
like,1
likely,1
likewise,1
limit,1
line,1
lion,1
lip,1
liquid,1
liquor,1
list,1
listen,1
liter,1
literacy,1
literate,1
little,1
live,1
living,1
loaf,1
local,1
lock,1
lonely,1
long,1
look,1
lose,1
loser,1
loss,1
lot,1
loud,1
love,1
lovely,1
lover,1
low,1
luck,1
lucky,1
lunch,1
ma'am,1
machine,1
mad,1
magazine,1
magic,1
magician,1
mail,1
main,1
mainland,1
majesty,1
major,1
make,1
makeup,1
male,1
mall,1
man,1
manager,1
mandarin,1
mandate,1
mango,1
manner,1
many,1
map,1
marathon,1
march,1
mark,1
marker,1
market,1
marriage,1
marry,1
marvelous,1
mask,1
mass,1
master,1
mat,1
match,1
material,1
math,1
matter,1
maximum,1
may,1
maybe,1
me,1
meal,1
mean,1
meaning,1
means,1
measure,1
meat,1
mechanic,1
medicine,1
medium,1
meet,1
meeting,1
melon,1
member,1
memory,1
men's,1
menu,1
message,1
metal,1
metaphor,1
meter,1
method,1
metropolitan,1
microwave,1
middle,1
midnight,1
might,1
mild,1
mile,1
military,1
milk,1
mill,1
million,1
millionaire,1
mind,1
mineral,1
minimize,1
minus,1
minute,1
mirror,1
miss,1
missing,1
mistake,1
mix,1
model,1
modern,1
moment,1
monday,1
money,1
monkey,1
monster,1
month,1
monthly,1
moon,1
mop,1
more,1
morning,1
mosquito,1
most,1
mother,1
mother's,1
motion,1
motor,1
motorcycle,1
mountain,1
mouse,1
mouth,1
move,1
movement,1
movie,1
mr,1
mrs,1
mrt,1
ms,1
much,1
mud,1
mug,1
mule,1
multiple,1
multiply,1
mumble,1
murmur,1
muscular,1
museum,1
music,1
musical,1
musician,1
must,1
my,1
myself,1
nail,1
name,1
napkin,1
narrow,1
nation,1
national,1
natural,1
nature,1
naughty,1
near,1
nearly,1
necessary,1
neck,1
necklace,1
need,1
needle,1
negative,1
neighbor,1
neither,1
nephew,1
nervous,1
nest,1
never,1
new,1
news,1
newspaper,1
next,1
nice,1
nice-looking,1
niece,1
night,1
nine,1
nineteen,1
ninety,1
no,1
nobody,1
nod,1
noise,1
noisy,1
nominee,1
none,1
nonetheless,1
noodle,1
noon,1
nor,1
norm,1
north,1
northern,1
nose,1
nostril,1
not,1
note,1
notebook,1
nothing,1
notice,1
notify,1
notion,1
notwithstanding,1
noun,1
nourishment,1
novel,1
november,1
now,1
number,1
nurse,1
o'clock,1
obey,1
object,1
occur,1
ocean,1
october,1
odd,1
odds,1
of,1
off,1
offer,1
office,1
officer,1
official,1
often,1
oil,1
ok,1
old,1
omit,1
on,1
once,1
one,1
ongoing,1
onion,1
online,1
only,1
open,1
operate,1
operation,1
opinion,1
opportunity,1
optimistic,1
or,1
orange,1
order,1
ordinary,1
organization,1
organize,1
oriental,1
other,1
our,1
ours,1
ourselves,1
out,1
outside,1
oven,1
over,1
overpass,1
own,1
owner,1
ox,1
pack,1
package,1
page,1
pain,1
painful,1
paint,1
painter,1
painting,1
pair,1
pajamas,1
pale,1
pan,1
panda,1
panel,1
pants,1
papaya,1
paper,1
pardon,1
parent,1
park,1
parking,1
parrot,1
part,1
partial,1
particular,1
party,1
pass,1
passenger,1
past,1
paste,1
pat,1
path,1
patient,1
pattern,1
pause,1
pay,1
pe,1
peace,1
peaceful,1
peach,1
pear,1
pen,1
pencil,1
people,1
pepper,1
percent,1
percentage,1
perfect,1
perhaps,1
period,1
periodic,1
persist,1
person,1
personal,1
pet,1
phenomenon,1
philippines,1
philosophical,1
phone,1
photo,1
photograph,1
photographer,1
photography,1
physics,1
pianist,1
piano,1
pick,1
pickpocket,1
picnic,1
picture,1
pie,1
piece,1
pig,1
pigeon,1
pile,1
pilgrim,1
pill,1
pillow,1
pilot,1
pin,1
pineapple,1
pink,1
pipe,1
pizza,1
place,1
plain,1
plan,1
plane,1
planet,1
plant,1
plate,1
platform,1
play,1
player,1
playground,1
pleasant,1
please,1
pleased,1
pleasure,1
plus,1
pm,1
pocket,1
poem,1
point,1
poison,1
police,1
policeman,1
policewoman,1
policy,1
polite,1
pollute,1
pollution,1
pond,1
pool,1
poor,1
pop,1
popcorn,1
popular,1
population,1
pork,1
pose,1
position,1
possible,1
post,1
postcard,1
pot,1
potato,1
pound,1
powder,1
power,1
powerful,1
practical,1
practice,1
praise,1
pray,1
precious,1
prefer,1
prepare,1
present,1
president,1
press,1
pretty,1
price,1
priest,1
prince,1
princess,1
principal,1
principle,1
print,1
printer,1
prison,1
prisoner,1
private,1
prize,1
probably,1
problem,1
proceed,1
process,1
produce,1
product,1
production,1
professor,1
program,1
progress,1
prohibit,1
prohibition,1
project,1
promise,1
pron,1
pronounce,1
pronunciation,1
proposal,1
propose,1
protect,1
protection,1
proud,1
prove,1
provide,1
public,1
pull,1
pump,1
pumpkin,1
punish,1
puppy,1
purple,1
purpose,1
purse,1
push,1
put,1
puzzle,1
quality,1
quarter,1
queen,1
question,1
quick,1
quiet,1
quit,1
quite,1
quiz,1
rabbit,1
race,1
radio,1
railroad,1
rain,1
rainbow,1
rainy,1
raise,1
rapid,1
rare,1
rat,1
rather,1
reach,1
read,1
ready,1
real,1
realism,1
realize,1
really,1
reason,1
receive,1
recent,1
record,1
rectangle,1
recycle,1
red,1
refrigerator,1
refuse,1
regard,1
regret,1
regular,1
relative,1
relay,1
release,1
reluctant,1
remember,1
remind,1
rent,1
repair,1
repeat,1
reply,1
report,1
reporter,1
republic,1
require,1
research,1
respect,1
respond,1
responsible,1
rest,1
restaurant,1
restroom,1
restructure,1
result,1
return,1
review,1
revise,1
revival,1
revive,1
revolution,1
rice,1
rich,1
riddle,1
ride,1
ridge,1
ridiculous,1
rifle,1
right,1
right-hand,1
ring,1
ripple,1
rise,1
river,1
road,1
rob,1
robot,1
rock,1
role,1
roll,1
roller,1
roof,1
room,1
root,1
rope,1
rose,1
round,1
row,1
royal,1
rub,1
rubber,1
rude,1
ruin,1
rule,1
ruler,1
run,1
rush,1
russia,1
sad,1
safe,1
safety,1
sail,1
sailor,1
salad,1
sale,1
salesperson,1
salt,1
same,1
sample,1
sand,1
sandwich,1
satisfy,1
saturday,1
saucer,1
savage,1
save,1
say,1
scale,1
scared,1
scarf,1
scene,1
scheme,1
school,1
science,1
scientist,1
scooter,1
score,1
screen,1
sea,1
search,1
season,1
seat,1
second,1
secret,1
secretary,1
section,1
sector,1
see,1
seed,1
seem,1
seesaw,1
seldom,1
selfish,1
sell,1
semester,1
send,1
senior,1
sense,1
separate,1
september,1
serious,1
servant,1
serve,1
service,1
set,1
setback,1
seven,1
seventeen,1
seventy,1
several,1
sew,1
shake,1
shall,1
shameful,1
shape,1
share,1
shark,1
sharp,1
shave,1
shaver,1
she,1
sheep,1
sheet,1
shelf,1
shine,1
ship,1
shirt,1
shock,1
shoe,1
shoot,1
shop,1
shore,1
short,1
shot,1
should,1
shoulder,1
shout,1
show,1
shower,1
shrimp,1
shut,1
shy,1
sick,1
side,1
sidewalk,1
sight,1
sign,1
significant,1
silence,1
silent,1
silly,1
silver,1
similar,1
simple,1
simply,1
since,1
sincere,1
sing,1
singapore,1
singer,1
single,1
sink,1
sir,1
sister,1
sit,1
six,1
sixteen,1
sixty,1
size,1
skate,1
skeptical,1
ski,1
skill,1
skillful,1
skim,1
skin,1
skinny,1
skirt,1
sky,1
slap,1
slavery,1
slay,1
sleep,1
sleepy,1
slender,1
slice,1
slide,1
slight,1
slim,1
slip,1
slipper,1
slow,1
small,1
smart,1
smell,1
smile,1
smoke,1
snack,1
snail,1
snake,1
sneaker,1
sneaky,1
snow,1
snowy,1
so,1
so-called,1
soap,1
soccer,1
social,1
society,1
sock,1
soda,1
sofa,1
soft,1
soldier,1
solution,1
solve,1
some,1
somebody,1
someone,1
something,1
sometimes,1
somewhere,1
son,1
song,1
soon,1
sore,1
sorry,1
sort,1
soul,1
sound,1
soup,1
sour,1
source,1
south,1
southern,1
soy,1
space,1
spaghetti,1
span,1
speak,1
speaker,1
special,1
specialist,1
specialty,1
specific,1
speech,1
speed,1
spell,1
spelling,1
spend,1
spider,1
spirit,1
spoon,1
sport,1
spread,1
spring,1
square,1
stage,1
stair,1
stamp,1
stand,1
standard,1
star,1
start,1
station,1
stationary,1
stationery,1
stature,1
statute,1
stay,1
steak,1
steal,1
steam,1
stem,1
step,1
stick,1
still,1
stingy,1
stockings,1
stomach,1
stomachache,1
stone,1
stop,1
store,1
storm,1
stormy,1
story,1
stove,1
straight,1
straightforward,1
strange,1
stranger,1
straw,1
strawberry,1
stream,1
street,1
strike,1
strong,1
structure,1
struggle,1
student,1
study,1
stupid,1
subject,1
subway,1
succeed,1
success,1
successful,1
such,1
sudden,1
sugar,1
suggest,1
suit,1
summer,1
sun,1
sunday,1
sunny,1
super,1
supermarket,1
supper,1
supply,1
support,1
sure,1
surf,1
surface,1
surprise,1
survive,1
swallow,1
swan,1
sweater,1
sweep,1
sweet,1
swim,1
swimsuit,1
swing,1
system,1
t-shirt,1
table,1
taichung,1
tail,1
tainan,1
taiwan,1
taiwanese,1
take,1
talent,1
talk,1
talkative,1
tall,1
tangerine,1
tank,1
target,1
taste,1
taxi,1
tea,1
teach,1
teacher,1
teacher's,1
team,1
teapot,1
tear,1
technique,1
teenager,1
teens,1
telecommunications,1
telephone,1
telephonephone,1
telescope,1
television,1
televisiontv,1
tell,1
temper,1
temperature,1
temple,1
ten,1
tennis,1
tent,1
term,1
terrible,1
terrific,1
test,1
textbook,1
than,1
thank,1
thanksgiving,1
that,1
the,1
theater,1
their,1
them,1
themselves,1
then,1
theoretical,1
theory,1
there,1
therefore,1
these,1
they,1
thick,1
thief,1
thin,1
thing,1
think,1
third,1
thirsty,1
thirteen,1
thirty,1
this,1
those,1
though,1
thought,1
thousand,1
three,1
throat,1
through,1
throughout,1
throw,1
thumb,1
thunder,1
thursday,1
thus,1
ticket,1
tidy,1
tie,1
tiger,1
till,1
time,1
tiny,1
tip,1
title,1
to,1
toast,1
today,1
toe,1
tofu,1
together,1
toilet,1
tolerable,1
tomato,1
tomorrow,1
tongue,1
tonight,1
too,1
tool,1
tooth,1
toothache,1
toothbrush,1
top,1
topic,1
total,1
touch,1
tour,1
toward,1
towel,1
tower,1
town,1
toy,1
track,1
trade,1
traditional,1
traffic,1
train,1
trap,1
trash,1
travel,1
treasure,1
treat,1
treatment,1
tree,1
trial,1
triangle,1
tribal,1
trick,1
trip,1
troop,1
tropic,1
trouble,1
trousers,1
truck,1
true,1
trumpet,1
trust,1
truth,1
try,1
tub,1
tuck,1
tuesday,1
tuition,1
tunnel,1
turkey,1
turn,1
turtle,1
tv,1
twelve,1
twenty,1
twice,1
two,1
type,1
typhoon,1
ugly,1
umbrella,1
uncle,1
under,1
undergo,1
underline,1
underpass,1
understand,1
underwear,1
uniform,1
unique,1
unit,1
universe,1
university,1
until,1
up,1
upload,1
upon,1
upper,1
upstairs,1
us,1
usa,1
use,1
used,1
useful,1
user,1
usual,1
usually,1
vacation,1
valentine's,1
valley,1
value,1
vary,1
vegetable,1
vendor,1
venture,1
verb,1
very,1
vessel,1
vest,1
victim,1
victory,1
video,1
view,1
village,1
vinegar,1
violin,1
visit,1
visitor,1
vocabulary,1
voice,1
volleyball,1
vote,1
voter,1
waist,1
wait,1
waiter,1
waitress,1
wake,1
waken,1
walk,1
wall,1
wallet,1
want,1
war,1
ward,1
warehouse,1
warm,1
warranty,1
wash,1
waste,1
watch,1
water,1
waterfall,1
watermelon,1
waterproof,1
wave,1
way,1
we,1
weak,1
wealthy,1
weapon,1
wear,1
weather,1
wedding,1
wednesday,1
week,1
weekday,1
weekend,1
weekly,1
weight,1
welcome,1
well,1
west,1
western,1
wet,1
whale,1
what,1
whatever,1
wheel,1
when,1
where,1
whereby,1
whether,1
which,1
while,1
white,1
who,1
whole,1
whom,1
whose,1
why,1
wide,1
widen,1
width,1
wife,1
wild,1
will,1
willing,1
win,1
wind,1
window,1
windy,1
wine,1
wing,1
winner,1
winter,1
wise,1
wish,1
with,1
withdraw,1
wither,1
within,1
without,1
wok,1
wolf,1
woman,1
women's,1
wonder,1
wonderful,1
wood,1
wooden,1
word,1
work,1
workbook,1
worker,1
workout,1
workplace,1
world,1
worry,1
worse,1
worst,1
worth,1
would,1
wound,1
wrist,1
write,1
writer,1
wrong,1
yard,1
yeah,1
year,1
yearly,1
yellow,1
yes,1
yesterday,1
yesyeah,1
yet,1
you,1
young,1
your,1
yours,1
yourself,1
youth,1
yummy,1
zebra,1
zero,1
zoo,1
abide,2
abnormal,2
absence,2
ache,2
achieve,2
acne,2
acquaint,2
acquire,2
affect,2
aggressive,2
agreeable,2
agreement,2
appropriate,2
approval,2
aspect,2
assist,2
assistance,2
attitude,2
attorney,2
attribute,2
auditorium,2
author,2
autobiography,2
average,2
await,2
awful,2
awkward,2
beg,2
behavior,2
boulevard,2
boundary,2
boxing,2
brake,2
breathe,2
brezina,2
browne,2
cafcafe,2
caffeine,2
calculator,2
calorie,2
candidate,2
canoe,2
capacity,2
category,2
challenge,2
chant,2
chapel,2
chapter,2
charitable,2
charity,2
chef,2
chemistry,2
cluster,2
coincidence,2
collins,2
commission,2
community,2
complex,2
compute,2
conceal,2
conclude,2
conduct,2
confederation,2
consequence,2
consequent,2
construct,2
consume,2
contribution,2
convey,2
conviction,2
coral,2
critic,2
crow,2
cruise,2
cultural,2
culture,2
dancer,2
delegation,2
delicate,2
delight,2
denial,2
density,2
depart,2
design,2
disciple,2
distinct,2
distinction,2
dormitorydorm,2
doubtful,2
dough,2
dove,2
drain,2
drastic,2
drawing,2
dreadful,2
dressing,2
electrical,2
electrician,2
element,2
emigrant,2
emigration,2
emission,2
equate,2
evaluate,2
evergreen,2
evolution,2
fame,2
fantasy,2
farewell,2
feature,2
final,2
flaw,2
foe,2
fuse,2
gardener,2
garlic,2
geographical,2
geometry,2
germ,2
gifted,2
grab,2
gracious,2
graduation,2
grant,2
gravity,2
hasty,2
headquarters,2
heighten,2
humanity,2
hurricane,2
hush,2
hut,2
hydrogen,2
impact,2
informative,2
infrastructure,2
ingredient,2
insecure,2
institute,2
intrude,2
invest,2
item,2
jelly,2
jet,2
journal,2
ladybug,2
lane,2
lap,2
lawmaker,2
lawn,2
learning,2
literary,2
maintain,2
majority,2
manifest,2
manufacturer,2
maple,2
migrant,2
minister,2
motivation,2
mound,2
mourn,2
moviefilm,2
mow,2
murderer,2
mushroom,2
nearby,2
normal,2
novelist,2
nowhere,2
nuclear,2
obtain,2
option,2
participant,2
participate,2
passion,2
passionate,2
perceive,2
phase,2
philosophy,2
photographic,2
photographphoto,2
phrase,2
pillar,2
pinch,2
pint,2
positive,2
possess,2
possession,2
possibility,2
postage,2
poster,2
postponement,2
posture,2
potent,2
potential,2
poultry,2
poverty,2
preach,2
previous,2
primarily,2
primary,2
productive,2
productivity,2
professional,2
profitable,2
profound,2
prophet,2
prosecute,2
purchase,2
quantity,2
railroadrailway,2
raincoat,2
range,2
raw,2
razor,2
recipe,2
recite,2
region,2
regional,2
regulate,2
reject,2
relation,2
relaxation,2
relevant,2
relief,2
relieve,2
reside,2
resource,2
restrict,2
reunion,2
revelation,2
revenge,2
reverse,2
revolutionary,2
ribbon,2
rid,2
riot,2
sandal,2
satisfaction,2
satisfactory,2
sausage,2
scandal,2
scarce,2
scatter,2
secure,2
seek,2
select,2
serving,2
setting,2
shade,2
shadow,2
shallow,2
site,2
skeleton,2
sketch,2
skilled,2
slam,2
slang,2
sleeve,2
sorrowful,2
spacious,2
sparrow,2
spear,2
specimen,2
spot,2
statistical,2
steep,2
stir,2
stitch,2
stock,2
strategic,2
strategy,2
successive,2
successor,2
sue,2
suffer,2
sufficient,2
suffocate,2
suggestion,2
superstitious,2
survey,2
tale,2
tap,2
taxicabtaxicab,2
technical,2
technician,2
technology,2
tedious,2
text,2
thrust,2
tick,2
tobacco,2
tradition,2
transfer,2
tricky,2
trim,2
triple,2
troublesome,2
trout,2
trunk,2
tug,2
valuable,2
vigor,2
waiterwaitress,2
warrant,2
wary,2
wax,2
weaken,2
woods,2
wool,2
yam,2
abandon,3
aboard,3
absolute,3
absorb,3
abuse,3
academic,3
accent,3
acceptable,3
acceptance,3
accepted,3
accidental,3
accommodate,3
accommodation,3
accompany,3
accomplish,3
accord,3
account,3
accountant,3
accuse,3
achievement,3
acid,3
acquaintance,3
acquisition,3
acre,3
activist,3
actual,3
adapt,3
additional,3
adjective,3
administration,3
admirable,3
admiration,3
admission,3
advanced,3
advertise,3
advertize,3
adviser,3
advisor,3
affection,3
affiliate,3
afford,3
afterward,3
aged,3
agency,3
agent,3
agony,3
air-conditioned,3
airmail,3
alcohol,3
alcoholic,3
alert,3
alley,3
allowance,3
alongside,3
alternative,3
altitude,3
aluminium,3
amateur,3
amaze,3
ambassador,3
ambition,3
ambitious,3
amid,3
amuse,3
amusement,3
analysis,3
analyst,3
analyze,3
ancestor,3
angle,3
anniversary,3
announce,3
announcement,3
announcer,3
annoy,3
anxiety,3
anxious,3
anyhow,3
anywhereanyplace,3
apart,3
ape,3
apology,3
app,3
appeal,3
appetite,3
applaud,3
applause,3
applicable,3
applicant,3
application,3
appoint,3
appointment,3
appreciation,3
approve,3
apron,3
aquarium,3
arch,3
architect,3
architecture,3
argument,3
arise,3
arithmetic,3
arouse,3
arrangement,3
arrival,3
arrow,3
artificial,3
artistic,3
ascend,3
ash,3
ashamed,3
aside,3
aspirin,3
assassinate,3
assembly,3
asset,3
associate,3
association,3
assurance,3
assure,3
astonish,3
astronaut,3
athlete,3
athletic,3
atmosphere,3
atom,3
atomic,3
attempt,3
attract,3
attraction,3
attractive,3
auction,3
audio,3
authentic,3
auto,3
automobile,3
auxiliary,3
awake,3
aware,3
awhile,3
ax,3
background,3
bacon,3
bacteria,3
baggage,3
baggy,3
bait,3
balance,3
bald,3
ballet,3
bamboo,3
ban,3
band-aid,3
bandage,3
bang,3
banking,3
bankrupt,3
barbershop,3
bare,3
barely,3
bargain,3
barn,3
barrel,3
barrier,3
basin,3
battery,3
battle,3
bay,3
bc,3
bead,3
beak,3
beam,3
beast,3
beauty,3
bedtime,3
beetle,3
beggar,3
being,3
believable,3
belly,3
beloved,3
bend,3
beneath,3
berry,3
bet,3
bible,3
bid,3
billion,3
bin,3
bind,3
bingo,3
biography,3
birth,3
biscuit,3
bleed,3
blend,3
bless,3
blessing,3
blink,3
blond,3
blonde,3
bloody,3
bloom,3
blossom,3
blush,3
boast,3
bold,3
bony,3
booking,3
booklet,3
bookshelf,3
boot,3
border,3
bore,3
bounce,3
bound,3
boycott,3
boyfriend,3
bra,3
bracelet,3
brand-new,3
brass,3
brassiere,3
breadth,3
breakthrough,3
breakup,3
breed,3
breeze,3
bribe,3
bride,3
bridegroom,3
briefcase,3
brilliant,3
broke,3
brook,3
broom,3
brownie,3
browse,3
brutal,3
bubble,3
bud,3
budget,3
buffalo,3
bull,3
bullet,3
bulletin,3
bump,3
bunch,3
burden,3
bureau,3
burglar,3
bury,3
bush,3
butcher,3
buzz,3
cabin,3
calcium,3
calculate,3
campaign,3
cane,3
canvas,3
capital,3
capitalism,3
caption,3
capture,3
carbon,3
cargo,3
carpenter,3
carriage,3
cart,3
carve,3
cashier,3
cast,3
casual,3
casualty,3
catalog,3
caterpillar,3
cattle,3
cave,3
cease,3
celebration,3
cement,3
ceremony,3
certificate,3
cetera,3
chain,3
chamber,3
champion,3
championship,3
changeable,3
characteristic,3
charm,3
check-in,3
checkout,3
checkup,3
chemist,3
cherish,3
chest,3
chew,3
chick,3
childbirth,3
chill,3
chilly,3
chimney,3
chip,3
choke,3
chop,3
chore,3
chorus,3
christ,3
christian,3
cigar,3
cigarette,3
cinema,3
circular,3
circulate,3
circulation,3
circumstance,3
circus,3
civilian,3
civilization,3
civilize,3
clarify,3
clash,3
classification,3
classify,3
claw,3
clay,3
cleaner,3
client,3
cliff,3
climax,3
climber,3
clinic,3
clip,3
cloth,3
clothe,3
clothing,3
cloud,3
clown,3
clue,3
clumsy,3
coal,3
coarse,3
cock,3
cocktail,3
cocoa,3
coconut,3
coffin,3
cognitive,3
collar,3
colony,3
colored,3
column,3
combination,3
combine,3
comedian,3
comedy,3
comfort,3
coming,3
commander,3
comment,3
commerce,3
commercial,3
committee,3
communication,3
communist,3
companion,3
comparative,3
comparison,3
compensate,3
compete,3
competition,3
competitive,3
competitor,3
complaint,3
complicate,3
compliment,3
component,3
compose,3
composer,3
composition,3
comprehension,3
concentration,3
concerning,3
concert,3
conclusion,3
concrete,3
condemn,3
condition,3
conductor,3
cone,3
confess,3
confidence,3
confine,3
confront,3
confrontation,3
confusion,3
congratulate,3
congress,3
conjunction,3
connect,3
connection,3
conquer,3
conscience,3
conscious,3
consensus,3
consent,3
conservative,3
considerable,3
considerate,3
consideration,3
consistent,3
consonant,3
constant,3
constitution,3
constrain,3
construction,3
constructive,3
consultant,3
consumer,3
container,3
contemporary,3
content,3
contest,3
continent,3
continental,3
continual,3
continuous,3
contribute,3
controller,3
convene,3
convention,3
conventional,3
converse,3
convert,3
cooker,3
cooperate,3
cooperation,3
cooperative,3
coordinate,3
cope,3
copper,3
copyright,3
cord,3
core,3
corporate,3
corporation,3
correspond,3
correspondent,3
corridor,3
costly,3
costume,3
cottage,3
council,3
counter,3
courageous,3
courteous,3
courtesy,3
coward,3
cowboy,3
crack,3
cradle,3
craft,3
cram,3
crane,3
crash,3
crawl,3
creation,3
creative,3
creator,3
creature,3
creep,3
crew,3
cricket,3
criminal,3
cripple,3
crisp,3
crispy,3
criterion,3
critical,3
criticize,3
crossroad,3
crown,3
crush,3
crutch,3
crystal,3
cub,3
cucumber,3
cue,3
cultivate,3
cunning,3
cupboard,3
curiosity,3
curl,3
curse,3
cushion,3
customs,3
cyclist,3
dairy,3
dam,3
damn,3
damp,3
dare,3
darling,3
dash,3
database,3
daylight,3
deadline,3
decade,3
decay,3
deceive,3
deck,3
declaration,3
declare,3
decoration,3
deduce,3
deed,3
defeat,3
defend,3
defense,3
defensive,3
defiance,3
deficit,3
definite,3
definition,3
delegate,3
delete,3
delightful,3
delivery,3
demand,3
demanding,3
democrat,3
demonstration,3
dense,3
departure,3
dependable,3
dependant,3
dependent,3
deposit,3
depression,3
depth,3
deputy,3
description,3
deserve,3
designer,3
desirable,3
despair,3
desperate,3
destination,3
destroy,3
destruction,3
destructive,3
detail,3
detailed,3
detect,3
detective,3
detergent,3
determination,3
development,3
device,3
devil,3
devise,3
devote,3
devoted,3
devotion,3
dialect,3
dialog,3
dictate,3
dictation,3
differ,3
digest,3
digestion,3
digit,3
digital,3
dignity,3
diligence,3
dim,3
dime,3
dine,3
dip,3
diploma,3
dirt,3
disability,3
disabled,3
disadvantage,3
disadvantaged,3
disagree,3
disappoint,3
disappointment,3
disapproval,3
disbelief,3
discard,3
discipline,3
discomfort,3
disconnect,3
discount,3
discourage,3
discovery,3
disease,3
disguise,3
disgust,3
disk,3
dislike,3
dismiss,3
disorder,3
dispute,3
dissatisfaction,3
dissolve,3
distant,3
distinguish,3
distinguished,3
distribution,3
district,3
distrust,3
disturb,3
disturbance,3
ditch,3
dive,3
divine,3
divorce,3
dock,3
document,3
dominant,3
dominate,3
donate,3
dorm,3
dormitory,3
dose,3
downward,3
doze,3
drag,3
dragonfly,3
dramatic,3
draught,3
dread,3
dressed,3
drill,3
drip,3
drought,3
drown,3
drowsy,3
drunk,3
duckling,3
due,3
dull,3
dump,3
durable,3
duration,3
dusk,3
dust,3
dusty,3
dye,3
dynamic,3
dynasty,3
eager,3
earnest,3
earnings,3
earring,3
earthquake,3
ease,3
echo,3
economical,3
economics,3
economist,3
edible,3
edition,3
editor,3
editorial,3
educate,3
educational,3
efficiency,3
efficient,3
elaborate,3
elastic,3
elbow,3
elderly,3
electricity,3
electronic,3
electronics,3
elegant,3
elevator,3
eliminate,3
elsewhere,3
embassy,3
emergency,3
emotional,3
emperor,3
emphasis,3
empire,3
employee,3
employer,3
employment,3
enclose,3
encouragement,3
endanger,3
ending,3
endurance,3
endure,3
engage,3
engineering,3
enjoyable,3
enjoyment,3
enlarge,3
enlargement,3
enquire,3
enquiry,3
enroll,3
ensure,3
enterprise,3
entertain,3
entertainer,3
entertainment,3
enthusiasm,3
enthusiastic,3
entitle,3
entry,3
envious,3
equality,3
equip,3
equipment,3
era,3
erase,3
erect,3
errand,3
escalator,3
escape,3
essay,3
essential,3
essentially,3
etc,3
ethnic,3
evaluation,3
eventual,3
everyday,3
exactly,3
exaggerate,3
exaggeration,3
examination,3
examiner,3
excellence,3
exception,3
exceptional,3
exchange,3
excitement,3
exclaim,3
exclude,3
excursion,3
executive,3
exhaust,3
exhibit,3
exhibition,3
existence,3
expansion,3
expectation,3
expense,3
experiment,3
experimental,3
explanation,3
explode,3
exploit,3
explore,3
explorer,3
explosion,3
explosive,3
exposure,3
expression,3
extend,3
extension,3
extensive,3
extent,3
extinct,3
extraordinary,3
extreme,3
eyebrow,3
eyesight,3
fable,3
facial,3
facility,3
fairly,3
familiar,3
fare,3
farming,3
fascinate,3
fascination,3
fasten,3
fatal,3
fate,3
faulty,3
favorable,3
fax,3
feast,3
feather,3
feedback,3
ferry,3
fertile,3
fertilizer,3
fetch,3
fiction,3
fierce,3
fighter,3
file,3
financial,3
fireplace,3
firework,3
fist,3
flame,3
flash,3
flatter,3
flavor,3
flea,3
flee,3
flesh,3
float,3
flock,3
flood,3
flooding,3
fluency,3
fluent,3
flunk,3
foggy,3
fold,3
follower,3
fond,3
forbid,3
forecast,3
forehead,3
foresee,3
forever,3
forgetful,3
formation,3
fort,3
forth,3
fortunate,3
fortune,3
found,3
foundation,3
founder,3
fountain,3
fragrance,3
frame,3
framework,3
freeway,3
freeze,3
freezing,3
frequency,3
frequent,3
freshman,3
fridge,3
fright,3
frost,3
frosty,3
frown,3
frozen,3
frustrate,3
fuel,3
fulfill,3
full-time,3
fully,3
fund,3
funeral,3
fur,3
furious,3
furnish,3
fury,3
gallery,3
gallon,3
gamble,3
gambler,3
gang,3
gangster,3
gap,3
gasolinegas,3
gay,3
gaze,3
gear,3
gene,3
generosity,3
genuine,3
gigantic,3
giggle,3
ginger,3
giraffe,3
girlfriend,3
glacier,3
glance,3
glide,3
glimpse,3
global,3
globe,3
glorious,3
glory,3
glow,3
goddess,3
goodness,3
goods,3
gossip,3
govern,3
governor,3
grace,3
gradual,3
grain,3
grammatical,3
grandchild,3
grandparent,3
grapefruit,3
graph,3
grasp,3
grateful,3
grave,3
grease,3
greasy,3
greatly,3
greenhouse,3
greeting,3
grief,3
grieve,3
grin,3
grind,3
grocery,3
groom,3
grown-up,3
guarantee,3
guardian,3
guidance,3
guilt,3
guilty,3
gulf,3
gull,3
gum,3
habitual,3
hairdresser,3
halfway,3
hallway,3
halt,3
handbag,3
handful,3
handicap,3
handwriting,3
handy,3
harbor,3
harden,3
hardship,3
hardware,3
hardworking,3
harm,3
harmful,3
harmony,3
harsh,3
harvest,3
hassle,3
hatch,3
hatred,3
haul,3
haunt,3
hawk,3
hazard,3
headline,3
headmaster,3
headphones,3
headsets,3
heap,3
heartbreak,3
heaven,3
heavenly,3
heel,3
hell,3
herd,3
hesitate,3
hesitation,3
hidden,3
high-rise,3
highly,3
hijack,3
hijacker,3
hiker,3
hint,3
historian,3
historic,3
historical,3
hive,3
hollow,3
holy,3
homeland,3
honestly,3
honeymoon,3
honor,3
honorable,3
hook,3
hopeful,3
hopefully,3
horizon,3
horn,3
horrify,3
horror,3
hose,3
hostage,3
hostel,3
hourly,3
household,3
housekeeper,3
housewife,3
housework,3
housing,3
hug,3
hum,3
humidity,3
iceberg,3
icy,3
ideal,3
identical,3
identification,3
identity,3
idiom,3
idle,3
idol,3
illness,3
illustrate,3
illustration,3
imaginable,3
imaginary,3
imagination,3
imaginative,3
imitate,3
imitation,3
immediate,3
immediately,3
immigrant,3
immigrate,3
immigration,3
imperial,3
impersonal,3
implication,3
imply,3
impress,3
impression,3
impressive,3
improvement,3
increasingly,3
incredible,3
indeed,3
independence,3
india,3
indication,3
indoor,3
indoors,3
industrial,3
industrialize,3
inevitable,3
infant,3
infect,3
infection,3
infer,3
inference,3
inferior,3
influential,3
inform,3
informal,3
informed,3
inhabitant,3
inherit,3
initial,3
inject,3
injection,3
inn,3
inner,3
innocence,3
innocent,3
inquire,3
inquiry,3
insert,3
inspect,3
inspector,3
inspiration,3
install,3
instance,3
instead,3
instinct,3
institution,3
instruction,3
instructor,3
insult,3
insurance,3
intellectual,3
intend,3
intense,3
intensify,3
intensive,3
intention,3
interact,3
interfere,3
interference,3
intermediate,3
interpreter,3
intimacy,3
intonation,3
intrigue,3
intruder,3
invade,3
invention,3
inventor,3
investigate,3
investment,3
investor,3
invisible,3
isolate,3
isolation,3
jail,3
jar,3
jaw,3
jealousy,3
jewel,3
jewellery,3
jingle,3
jolly,3
journey,3
joyful,3
judgement,3
judgment,3
juicy,3
jungle,3
junk,3
jury,3
justice,3
justify,3
keen,3
keeper,3
kettle,3
keyboard,3
kidnap,3
kidney,3
kindly,3
kindness,3
kit,3
kneel,3
knight,3
knit,3
knob,3
knot,3
knowledgeable,3
lab,3
label,3
laboratory,3
lace,3
ladder,3
lag,3
landlady,3
landlord,3
landmark,3
landscape,3
landslide,3
largely,3
laser,3
lately,3
latitude,3
latter,3
laughter,3
launch,3
laundry,3
lavatory,3
lawful,3
layer,3
leading,3
leaflet,3
leak,3
leap,3
learned,3
learner,3
leather,3
lecturer,3
legend,3
legendary,3
leisure,3
leisurely,3
lemonade,3
lengthen,3
lens,3
leopard,3
liar,3
liberate,3
liberty,3
librarian,3
license,3
lifestyle,3
lifetime,3
lighten,3
lily,3
limb,3
limitation,3
linen,3
link,3
lipstick,3
listener,3
literal,3
literature,3
litter,3
lively,3
liver,3
load,3
loan,3
lobby,3
lobster,3
locate,3
location,3
locker,3
log,3
logical,3
loneliness,3
long-standing,3
long-term,3
loop,3
loose,3
loosen,3
lord,3
lorry,3
lotion,3
loudspeaker,3
lousy,3
lower,3
loyal,3
loyalty,3
luggage,3
lullaby,3
lunar,3
lung,3
luxurious,3
luxury,3
lychee,3
machinery,3
madam,3
magical,3
magnet,3
magnetic,3
magnificent,3
maid,3
majestic,3
maker,3
man-made,3
manage,3
manageable,3
management,3
manipulate,3
mankind,3
mankindhumankind,3
mansion,3
manual,3
manufacture,3
manuscript,3
marble,3
masterpiece,3
mate,3
mathematical,3
mature,3
maturity,3
mayor,3
meadow,3
meaningful,3
meantime,3
meanwhile,3
measurable,3
mechanical,3
medal,3
media,3
melody,3
melt,3
membership,3
memorable,3
memorandum,3
memorial,3
memorize,3
mend,3
mention,3
merchant,3
mercy,3
mere,3
merit,3
mermaid,3
merry,3
mess,3
messenger,3
messy,3
metro,3
microphone,3
microscope,3
midday,3
middle-aged,3
midst,3
mighty,3
mike,3
milestone,3
milkshake,3
mine,3
miner,3
mingle,3
miniature,3
minimal,3
minor,3
minority,3
miracle,3
mischief,3
miserable,3
misery,3
misfortune,3
mislead,3
missile,3
mission,3
mist,3
mister,3
mistress,3
misunderstand,3
mixture,3
mob,3
mobile,3
moderate,3
modest,3
modesty,3
moist,3
moisture,3
monk,3
monument,3
mood,3
moonlight,3
moral,3
moreover,3
mortgage,3
motel,3
moth,3
motive,3
mountainous,3
mournful,3
moustache,3
movable,3
mrmister,3
muddy,3
murder,3
muscle,3
mustache,3
mutual,3
mysterious,3
mystery,3
naked,3
namely,3
nap,3
nasty,3
nationality,3
native,3
naturalist,3
naval,3
navy,3
neat,3
necessarily,3
necessity,3
needy,3
neglect,3
negotiate,3
negotiation,3
neighborhood,3
nerve,3
net,3
newcomer,3
newscaster,3
nickname,3
nightmare,3
noble,3
nonsense,3
nonstop,3
northeast,3
northwest,3
noticeable,3
notorious,3
nourish,3
novice,3
nowadays,3
nude,3
numerous,3
nun,3
nursery,3
nursing,3
nut,3
nutrient,3
nutrition,3
nylon,3
oak,3
obedient,3
objection,3
observation,3
observe,3
obstacle,3
occasion,3
occasional,3
occupation,3
offend,3
offense,3
offensive,3
oh,3
olympic,3
one-sided,3
oneself,3
onto,3
opener,3
opening,3
opera,3
operator,3
opponent,3
oppose,3
opposite,3
opposition,3
optimism,3
optional,3
oral,3
orbit,3
orchestra,3
orderly,3
organ,3
organic,3
orient,3
origin,3
original,3
orphan,3
orphanage,3
otherwise,3
ought,3
ounce,3
outcome,3
outdoor,3
outdoors,3
outer,3
outline,3
outstanding,3
outward,3
oval,3
overcoat,3
overcome,3
overflow,3
overhead,3
overlook,3
overnight,3
overtake,3
overthrow,3
overweight,3
owe,3
owl,3
ownership,3
oxygen,3
pace,3
pacific,3
packet,3
pad,3
pal,3
palace,3
palm,3
pancake,3
panic,3
parachute,3
parade,3
paradise,3
paragraph,3
parallel,3
parcel,3
parliament,3
part-time,3
participle,3
particularly,3
partly,3
partner,3
partnership,3
passage,3
passive,3
passport,3
password,3
pasta,3
patience,3
patriotic,3
pave,3
paw,3
payment,3
pea,3
peak,3
peanut,3
pearl,3
peasant,3
pebble,3
peculiar,3
pedal,3
peel,3
peep,3
peer,3
penalty,3
penguin,3
penny,3
per,3
perfection,3
perform,3
performance,3
performer,3
perfume,3
permanent,3
permission,3
permit,3
personality,3
persuade,3
persuasion,3
persuasive,3
pessimistic,3
pest,3
petal,3
petrol,3
philosopher,3
physical,3
physician,3
physicist,3
pickup,3
pier,3
pine,3
pioneer,3
pirate,3
pit,3
pitch,3
pity,3
plastic,3
plentiful,3
plenty,3
plot,3
plug,3
plum,3
plumber,3
plural,3
poet,3
poetry,3
poisonous,3
pole,3
polish,3
political,3
politician,3
politics,3
poll,3
pony,3
port,3
portable,3
porter,3
portion,3
portrait,3
portray,3
postal,3
postpone,3
pottery,3
pour,3
powerless,3
prayer,3
precaution,3
precede,3
prediction,3
preferable,3
pregnancy,3
pregnant,3
preparation,3
presence,3
presentation,3
presently,3
preserve,3
presidential,3
pressure,3
pretend,3
prevent,3
prevention,3
preview,3
pride,3
primitive,3
privacy,3
privilege,3
probable,3
procedure,3
producer,3
profession,3
proficiency,3
profit,3
progressive,3
prominent,3
promising,3
promotion,3
prompt,3
proof,3
proper,3
property,3
proportion,3
prose,3
prosecution,3
prospect,3
prosper,3
prosperity,3
prosperous,3
protective,3
protein,3
protest,3
proverb,3
province,3
psychologist,3
pub,3
publication,3
publicity,3
publish,3
publisher,3
pudding,3
punch,3
punctual,3
punishment,3
pupil,3
puppet,3
pure,3
pursuit,3
qualification,3
qualified,3
qualify,3
quarrel,3
queer,3
queue,3
quilt,3
quote,3
racial,3
radar,3
radiation,3
radical,3
rag,3
rage,3
railway,3
rainfall,3
raisin,3
rank,3
rarely,3
rate,3
ratify,3
ray,3
react,3
reaction,3
reader,3
readily,3
reading,3
realistic,3
reality,3
rear,3
reasonable,3
rebel,3
rebuild,3
recall,3
receipt,3
receiver,3
reception,3
recession,3
recognition,3
recognize,3
recommend,3
recorder,3
recovery,3
recreation,3
reduce,3
reduction,3
refer,3
reference,3
reflect,3
reflection,3
reform,3
refresh,3
refugee,3
refusal,3
regarding,3
regardless,3
register,3
registration,3
regulation,3
rehearsal,3
rehearse,3
reinforce,3
relate,3
related,3
relationship,3
relatively,3
relax,3
reliability,3
reliable,3
reliant,3
religion,3
religious,3
rely,3
remain,3
remark,3
remarkable,3
remedy,3
reminder,3
remote,3
remove,3
renew,3
repeatedly,3
repetition,3
replace,3
represent,3
representation,3
representative,3
republican,3
reputation,3
request,3
requirement,3
rescue,3
researcher,3
resemble,3
reservation,3
reserve,3
residence,3
resident,3
resign,3
resignation,3
resist,3
resistance,3
resistant,3
response,3
responsibility,3
restless,3
restore,3
restriction,3
retire,3
retreat,3
reunite,3
revision,3
revolt,3
reward,3
rewrite,3
rhetoric,3
rhyme,3
rhythm,3
riches,3
rider,3
rim,3
ripe,3
risk,3
rival,3
roar,3
roast,3
robber,3
robbery,3
robe,3
rocket,3
rod,3
romance,3
romantic,3
rooster,3
rot,3
rotten,3
rough,3
roughly,3
route,3
routine,3
rubbish,3
rug,3
rumor,3
runner,3
running,3
rural,3
rust,3
rusty,3
sack,3
sacrifice,3
sadden,3
sake,3
salary,3
salty,3
salute,3
sanction,3
satellite,3
sauce,3
saving,3
saw,3
saying,3
scales,3
scan,3
scar,3
scarcely,3
scare,3
scary,3
scenario,3
scenery,3
schedule,3
scholar,3
scholarship,3
schoolmate,3
scientific,3
scissors,3
scold,3
scoop,3
scout,3
scratch,3
scream,3
screw,3
scrub,3
sculpture,3
seafood,3
seagull,3
seal,3
seaside,3
second-hand,3
secondary,3
security,3
seize,3
selection,3
self,3
sensible,3
sensitive,3
sentence,3
separation,3
sequence,3
session,3
settle,3
settlement,3
settler,3
setup,3
severe,3
sex,3
sexual,3
sexy,3
shabby,3
shady,3
shame,3
shampoo,3
sharpen,3
shed,3
shell,3
shelter,3
shepherd,3
shift,3
shining,3
shiny,3
shopkeeper,3
short-sighted,3
short-term,3
shortage,3
shortcoming,3
shortcut,3
shorten,3
shortly,3
shorts,3
shovel,3
shrink,3
shrug,3
shuttle,3
sickness,3
sigh,3
sightseeing,3
signal,3
signature,3
significance,3
silk,3
similarity,3
simplify,3
sin,3
singular,3
sip,3
situation,3
skip,3
skyscraper,3
slash,3
slaughter,3
slave,3
slippery,3
slogan,3
slope,3
smog,3
smoky,3
smooth,3
snap,3
sneak,3
sneeze,3
snowman,3
sob,3
sociable,3
socket,3
softball,3
software,3
soil,3
solar,3
solid,3
somehow,3
sometime,3
somewhat,3
sorrow,3
south-east,3
south-west,3
souvenir,3
sow,3
soybean,3
spacecraft,3
spacecraftspaceship,3
spaceship,3
spade,3
spare,3
spark,3
sparkle,3
specialize,3
specialized,3
species,3
specify,3
spectator,3
spice,3
spicy,3
spill,3
spin,3
spinach,3
spiritual,3
spit,3
spite,3
splash,3
splendid,3
split,3
spoil,3
sponsor,3
sportsmanship,3
sportsperson,3
sportswoman,3
spray,3
sprinkle,3
spy,3
squeeze,3
squirrel,3
stab,3
stadium,3
staff,3
staircase,3
stake,3
stare,3
starvation,3
starve,3
state,3
statement,3
statistics,3
statue,3
status,3
steady,3
steel,3
steer,3
stepfather,3
stepmother,3
stereo,3
sticky,3
stiff,3
stimulate,3
stimulus,3
sting,3
stocking,3
stool,3
storey,3
storyteller,3
strength,3
strengthen,3
stretch,3
strict,3
string,3
strip,3
strive,3
stroke,3
stubborn,3
studio,3
stuff,3
submarine,3
substance,3
subtract,3
suburb,3
suck,3
suffering,3
suicide,3
suitable,3
suitcase,3
summarize,3
summit,3
sunbathe,3
sunlight,3
sunrise,3
sunset,3
superb,3
superior,3
supervision,3
supervisor,3
supporter,3
suppose,3
supreme,3
surely,3
surgeon,3
surgery,3
surrender,3
surround,3
surroundings,3
survival,3
survivor,3
suspect,3
suspend,3
suspension,3
suspicion,3
suspicious,3
swear,3
sweat,3
swell,3
swift,3
switch,3
sword,3
syllable,3
symbolize,3
sympathetic,3
sympathize,3
sympathy,3
symphony,3
symptom,3
syrup,3
systematic,3
tablecloth,3
tablet,3
tack,3
tag,3
tailor,3
tame,3
task,3
tasty,3
tax,3
tease,3
technological,3
teen,3
teenage,3
telegraph,3
televise,3
tempo,3
temporary,3
tenant,3
tend,3
tendency,3
tender,3
tense,3
tension,3
terminal,3
terrify,3
territory,3
terror,3
thankful,3
theft,3
theirs,3
theme,3
therapy,3
thinking,3
thirst,3
thorough,3
thoughtful,3
thread,3
threat,3
threaten,3
thunderstorm,3
tickle,3
tide,3
tight,3
tighten,3
timber,3
timetable,3
timid,3
tin,3
tiptoe,3
tire,3
tiresome,3
tissue,3
tolerance,3
tolerant,3
tolerate,3
tomb,3
ton,3
tone,3
toothpaste,3
torch,3
tornado,3
tortoise,3
toss,3
tough,3
tourism,3
tourist,3
tow,3
trademark,3
trader,3
tragedy,3
tragic,3
trail,3
training,3
translate,3
translation,3
translator,3
transplant,3
traveler,3
traveling,3
tray,3
treaty,3
tremble,3
tremendous,3
tribe,3
tribute,3
trifle,3
trigger,3
triumph,3
tropical,3
truthful,3
tube,3
tulip,3
tumble,3
tune,3
tutor,3
twig,3
twin,3
twinkle,3
twist,3
typewriter,3
typical,3
typist,3
underground,3
underlying,3
understanding,3
underwater,3
underweight,3
unexpected,3
union,3
unite,3
unity,3
universal,3
unknown,3
unless,3
unlike,3
untouched,3
unusual,3
upset,3
upward,3
urban,3
urge,3
urgent,3
usage,3
useless,3
utter,3
vacant,3
vague,3
vain,3
valid,3
van,3
vanish,3
vapor,3
variety,3
various,3
vase,3
vast,3
vegetarian,3
vehicle,3
vein,3
velvet,3
verse,3
via,3
viable,3
vibrate,3
vigorous,3
violate,3
violation,3
violence,3
violent,3
violet,3
violinist,3
virgin,3
virtue,3
virus,3
visible,3
vision,3
visual,3
vital,3
vitamin,3
vivid,3
volcano,3
volume,3
voluntary,3
volunteer,3
vowel,3
voyage,3
wage,3
wagon,3
waltz,3
wander,3
wardrobe,3
warfare,3
warmth,3
warn,3
warning,3
warship,3
washing,3
watchman,3
wealth,3
weave,3
web,3
website,3
weed,3
weep,3
weigh,3
well-known,3
westerner,3
wheat,3
whenever,3
wherever,3
whichever,3
whip,3
whisper,3
whistle,3
whoever,3
whomever,3
wicked,3
widespread,3
wilderness,3
wildlife,3
wildly,3
willow,3
wink,3
wipe,3
wire,3
wisdom,3
wit,3
witch,3
witness,3
wizard,3
working,3
workshop,3
worldwide,3
worm,3
worn,3
worthless,3
worthwhile,3
worthy,3
wow,3
wrap,3
wrapping,3
wreck,3
wrinkle,3
writing,3
written,3
x-ray,3
yawn,3
yell,3
yoghurt,3
yogurt,3
yolk,3
youngster,3
youthful,3
zipper,3
zone,3
abstract,4
access,4
acclaim,4
accuracy,4
accusation,4
accustom,4
acknowledgement,4
adequate,4
adv,4
affectionate,4
agenda,4
airplaneplane,4
annual,4
antique,4
anybodyanyone,4
apparent,4
approximate,4
audit,4
authorize,4
calculation,4
capsule,4
civil,4
code,4
commit,4
commitment,4
communicate,4
comprehensive,4
comprise,4
compromise,4
compulsory,4
computerize,4
concentrate,4
concession,4
confer,4
conference,4
contrast,4
controversial,4
cube,4
curb,4
curfew,4
currency,4
cycle,4
debate,4
definitive,4
depict,4
deploy,4
despite,4
dimension,4
diminish,4
directive,4
directory,4
disciplinary,4
domestic,4
draft,4
eligible,4
emerge,4
erroneous,4
error,4
ethics,4
everyoneeverybody,4
fleet,4
fluid,4
fundamental,4
goal,4
graze,4
greed,4
greetings,4
healthful,4
hearty,4
hence,4
hover,4
hunch,4
hygiene,4
hypothesis,4
implement,4
impose,4
indifference,4
indifferent,4
induce,4
indulge,4
infectious,4
inhabit,4
integrate,4
internal,4
invasion,4
investigation,4
involvement,4
laboratorylab,4
lawsuit,4
likelihood,4
lining,4
mainstream,4
margin,4
marginal,4
mechanism,4
ministry,4
motto,4
mount,4
muse,4
nonprofit,4
obvious,4
occupy,4
organism,4
organizer,4
orthodox,4
outbreak,4
output,4
overall,4
parameter,4
parents,4
particle,4
pastime,4
pastry,4
pickle,4
pimple,4
portfolio,4
practitioner,4
predict,4
prior,4
promote,4
propaganda,4
quotation,4
reap,4
reassure,4
rebellion,4
reckless,4
regime,4
rejection,4
rejoice,4
relic,4
remainder,4
resolution,4
resolve,4
retain,4
revolve,4
series,4
shatter,4
sovereign,4
statistic,4
stepchild,4
stress,4
subsequent,4
sum,4
summary,4
superiority,4
supplement,4
teller,4
tilt,4
trillion,4
undertake,4
utensil,4
utility,4
vacancy,4
veteran,4
veterinarianvet,4
viewer,4
vine,4
weary,4
abbey,5
abbreviate,5
abbreviation,5
abdomen,5
abolish,5
aboriginal,5
aborigine,5
abortion,5
abound,5
abrupt,5
absent-minded,5
absurd,5
abundance,5
abundant,5
academy,5
accelerate,5
acceleration,5
accessible,5
accessory,5
accomplished,5
accordance,5
accordingly,5
accountable,5
accounting,5
accumulate,5
accumulation,5
accustomed,5
ace,5
acoustic,5
acting,5
activate,5
actoractress,5
acute,5
adaptation,5
addict,5
addicted,5
addiction,5
additive,5
adhere,5
adjoin,5
adjust,5
adjustment,5
administer,5
administrative,5
administrator,5
admiral,5
adolescence,5
adolescent,5
adore,5
adulthood,5
advancement,5
advent,5
adverb,5
adverse,5
advert,5
advertiser,5
advertising,5
advisable,5
advisory,5
advocate,5
aerial,5
aerospace,5
aesthetic,5
aesthetics,5
affirm,5
afflict,5
aftermath,5
ageing,5
aggravate,5
aggression,5
aging,5
agitate,5
agitation,5
ai,5
aide,5
airlift,5
alarming,5
algebra,5
alien,5
alienate,5
allegation,5
allege,5
alleged,5
allergic,5
allergy,5
alleviate,5
alliance,5
allied,5
alligator,5
alloy,5
ally,5
almond,5
alter,5
alternate,5
ambiguity,5
ambiguous,5
ambush,5
amend,5
amendment,5
amends,5
amiable,5
amicable,5
ammunition,5
amnesty,5
ample,5
amplify,5
analogy,5
analytic,5
analytical,5
anchor,5
anecdote,5
angler,5
animate,5
annoyance,5
anonymous,5
antarctic,5
antenna,5
anthem,5
antibiotic,5
antibody,5
anticipate,5
anticipation,5
antonym,5
apartheid,5
appall,5
appalling,5
apparatus,5
appendix,5
appraisal,5
appreciable,5
apprehension,5
apt,5
aptitude,5
arbitrary,5
arc,5
archaeology,5
archeology,5
architectural,5
archive,5
arctic,5
arena,5
armor,5
arms,5
array,5
arrogant,5
artefact,5
artery,5
articulate,5
artifact,5
artillery,5
ascertain,5
ascribe,5
aspiration,5
ass,5
assault,5
assert,5
assessment,5
assignment,5
assimilate,5
assumption,5
assured,5
asthma,5
astray,5
astronomer,5
astronomy,5
asylum,5
athletics,5
atm,5
atrocity,5
attain,5
attempted,5
attendance,5
attendant,5
attic,5
automation,5
autonomous,5
avail,5
aviary,5
aviation,5
axis,5
bachelor,5
backbone,5
backing,5
backpack,5
badge,5
baffle,5
bail,5
ballot,5
bandit,5
bankruptcy,5
banner,5
banquet,5
barbarian,5
barefoot,5
barge,5
barometer,5
barrack,5
barracks,5
barren,5
barricade,5
bash,5
basically,5
basics,5
bass,5
bastard,5
batch,5
battalion,5
batter,5
battlefield,5
bazaar,5
bearing,5
beckon,5
beforehand,5
bent,5
besiege,5
betray,5
beverage,5
beware,5
bewilder,5
bias,5
bibliography,5
bilateral,5
binding,5
binoculars,5
biochemistry,5
biological,5
birdie,5
bitch,5
bizarre,5
blacksmith,5
blade,5
bland,5
blare,5
blast,5
blaze,5
bleach,5
bleak,5
blizzard,5
bloc,5
blockade,5
blot,5
blues,5
blunder,5
blunt,5
blur,5
bob,5
bodily,5
bodyguard,5
bog,5
boiling,5
bolster,5
bolt,5
bombard,5
bomber,5
bondage,5
bonus,5
boom,5
boost,5
booth,5
boredom,5
borough,5
borrowing,5
bosom,5
botanic,5
botanical,5
botany,5
bout,5
bowel,5
bowler,5
boxer,5
boyhood,5
bracket,5
braid,5
breach,5
break-in,5
breakdown,5
breeder,5
brew,5
briefing,5
brigade,5
brink,5
brisk,5
brittle,5
broach,5
broadcaster,5
broaden,5
brochure,5
broil,5
broker,5
bronze,5
brooch,5
brood,5
broth,5
brotherhood,5
brow,5
bruise,5
brute,5
buck,5
buckle,5
buffer,5
build-up,5
bulge,5
bulk,5
bulky,5
bully,5
bunker,5
bureaucracy,5
bureaucrat,5
bureaucratic,5
burial,5
bust,5
bypass,5
byte,5
cactus,5
calculated,5
calculating,5
calf,5
calligraphy,5
campaigner,5
cannon,5
capability,5
captive,5
captivity,5
carbohydrate,5
cardboard,5
cardinal,5
carefree,5
carer,5
caress,5
caretaker,5
carnation,5
carnival,5
carol,5
carp,5
carrier,5
cartel,5
carton,5
casino,5
caste,5
catastrophe,5
cater,5
catering,5
cathedral,5
caution,5
cautious,5
cavalry,5
cavity,5
ceasefire,5
celebrated,5
celebrity,5
celery,5
cellar,5
cello,5
celsius,5
cemetery,5
census,5
ceramic,5
certainty,5
certify,5
challenged,5
challenger,5
challenging,5
champagne,5
chaos,5
chapped,5
characterize,5
charcoal,5
chariot,5
charter,5
chatter,5
checkbook,5
checked,5
chestnut,5
chili,5
chilli,5
chimpanzee,5
chirp,5
chisel,5
choir,5
cholesterol,5
chord,5
chronic,5
chuck,5
chuckle,5
chunk,5
circuit,5
circumference,5
civic,5
clam,5
clamp,5
clan,5
clarity,5
clasp,5
clause,5
clean-up,5
cleanse,5
cleanup,5
clearance,5
clearing,5
clench,5
clinch,5
cling,5
clinical,5
clockwise,5
clone,5
closed,5
closure,5
clover,5
clutch,5
coalition,5
coastal,5
coastline,5
cocaine,5
cockpit,5
cockroachroach,5
cocoon,5
coherent,5
coil,5
coincide,5
collaboration,5
collected,5
collective,5
collector,5
collide,5
collision,5
colloquial,5
colonel,5
colonial,5
columnist,5
combat,5
comeback,5
comedown,5
comet,5
comma,5
commemorate,5
commence,5
commend,5
commentary,5
commentator,5
commissioner,5
commodity,5
commonplace,5
commonwealth,5
communal,5
communicative,5
communism,5
commute,5
commuter,5
compact,5
companionship,5
comparable,5
compartment,5
compass,5
compassion,5
compassionate,5
compatible,5
compel,5
compelling,5
compensation,5
competence,5
competent,5
competing,5
complement,5
complexion,5
complexity,5
complication,5
comply,5
composite,5
compound,5
comprehend,5
compress,5
computing,5
comrade,5
con,5
concede,5
conceit,5
concise,5
condemnation,5
condense,5
condom,5
confession,5
confidential,5
configuration,5
conflict,5
conform,5
congressional,5
congressman,5
congresswoman,5
conquest,5
conscientious,5
consciousness,5
consecutive,5
conservation,5
conserve,5
considering,5
consolation,5
console,5
consolidate,5
consortium,5
conspicuous,5
conspiracy,5
constable,5
constituency,5
constituent,5
constitutional,5
constraint,5
consult,5
consultation,5
consuming,5
consumption,5
contagious,5
contaminant,5
contaminate,5
contemplate,5
contemplation,5
contempt,5
contend,5
contender,5
contention,5
contentment,5
contestant,5
contingent,5
continuity,5
contractor,5
contradict,5
contradiction,5
contradictory,5
contributor,5
contrive,5
controversy,5
converge,5
conversely,5
conversion,5
convertible,5
convoy,5
cop,5
cordial,5
cork,5
corps,5
corpse,5
correction,5
correlate,5
correlation,5
correspondence,5
corrode,5
corrupt,5
corruption,5
cosmetic,5
cosmetics,5
cosmic,5
cosmopolitan,5
costing,5
councilor,5
counsel,5
counselor,5
countable,5
counterclockwise,5
counterpart,5
countless,5
coup,5
coupon,5
courier,5
courtyard,5
coverage,5
covering,5
covet,5
cowardly,5
cozy,5
crackdown,5
cracker,5
cramp,5
crap,5
crater,5
creak,5
creativity,5
credibility,5
credible,5
creditor,5
creek,5
crib,5
crook,5
crooked,5
cross-country,5
crossing,5
crosswalk,5
crouch,5
crucial,5
crude,5
cruiser,5
crumb,5
crumble,5
crunch,5
crunchy,5
crust,5
cubic,5
cuisine,5
culminate,5
cult,5
curriculum,5
curry,5
custody,5
customary,5
cutting,5
cylinder,5
cynical,5
daffodil,5
dame,5
dandruff,5
daring,5
dart,5
day-to-day,5
daybreak,5
dazzle,5
deadly,5
deafen,5
dealer,5
dealing,5
debris,5
debut,5
decent,5
decimal,5
decisive,5
decline,5
decorative,5
decree,5
dedicate,5
dedicated,5
dedication,5
deduct,5
deduction,5
deem,5
deepen,5
default,5
defect,5
defendant,5
defender,5
defensible,5
defiant,5
deficiency,5
deficient,5
defy,5
degenerate,5
degrade,5
deliberate,5
delinquent,5
demise,5
demonstrator,5
denote,5
denounce,5
deplete,5
deployment,5
deport,5
deprive,5
descend,5
descendant,5
descent,5
descriptive,5
designate,5
despise,5
destined,5
destiny,5
detach,5
detached,5
detain,5
detection,5
detention,5
deter,5
deteriorate,5
deterioration,5
devalue,5
devastate,5
devastating,5
developed,5
developer,5
developing,5
deviate,5
devour,5
dew,5
diabetes,5
diagnose,5
diagnosis,5
diagram,5
diameter,5
diaper,5
dictator,5
dictatorship,5
diesel,5
differentiate,5
diffuse,5
dilemma,5
dilute,5
diplomacy,5
diplomatic,5
disagreement,5
discern,5
discharge,5
disclose,5
disclosure,5
discredit,5
discreet,5
discrepancy,5
discrete,5
discretion,5
discrimination,5
disgrace,5
disgraceful,5
disintegrate,5
dismantle,5
dismay,5
dismissal,5
dispatch,5
dispensable,5
dispense,5
disperse,5
displace,5
display,5
displease,5
disposable,5
disposal,5
dispose,5
disposition,5
disregard,5
disrupt,5
dissent,5
dissident,5
dissipate,5
dissuade,5
distill,5
distinctive,5
distort,5
distract,5
distraction,5
distress,5
distributor,5
disturbed,5
disturbing,5
diversify,5
diversion,5
diversity,5
divert,5
dividend,5
doctrine,5
documentary,5
dome,5
donation,5
donor,5
doom,5
doomed,5
doorstep,5
doorway,5
dosage,5
doubtless,5
downwarddownwards,5
drainage,5
drape,5
drawback,5
dreary,5
driveway,5
drizzle,5
dual,5
dub,5
dubious,5
duplicate,5
dwarf,5
dwell,5
dwelling,5
dying,5
dynamite,5
earphones,5
ebb,5
eccentric,5
eclipse,5
ecological,5
ecology,5
ecosystem,5
ecstasy,5
ecstatic,5
edged,5
educated,5
eel,5
ego,5
eject,5
elapse,5
electoral,5
electorate,5
electron,5
elevate,5
elevated,5
elevation,5
elicit,5
eligibility,5
elite,5
eloquence,5
eloquent,5
embargo,5
embark,5
embarrassment,5
embed,5
embody,5
embryo,5
emergence,5
emigrate,5
emit,5
emphatic,5
empirical,5
enable,5
enact,5
enclosure,5
encyclopedia,5
endeavor,5
endless,5
endorse,5
endow,5
endowment,5
energetic,5
energize,5
energy,5
enforce,5
enforcement,5
engaged,5
engagement,5
enlighten,5
enrich,5
ensue,5
entail,5
enthusiast,5
entity,5
entrepreneur,5
environmentalist,5
envisage,5
envoy,5
enzyme,5
epic,5
epidemic,5
episode,5
epoch,5
eq,5
equation,5
equator,5
equilibrium,5
equity,5
equivalent,5
erode,5
erosion,5
erotic,5
erupt,5
eruption,5
escalate,5
escort,5
essence,5
established,5
establishment,5
esteem,5
esthetical,5
esthetics,5
eternal,5
ethic,5
ethical,5
evacuate,5
evacuation,5
evaporate,5
evaporation,5
evoke,5
evolve,5
examinee,5
exceedingly,5
excerpt,5
excess,5
excessive,5
exclusion,5
exclusive,5
execute,5
execution,5
exemplify,5
exempt,5
exert,5
exile,5
existing,5
exotic,5
expand,5
expedition,5
expel,5
expend,5
expenditure,5
experienced,5
expiration,5
expire,5
exploration,5
expose,5
exposition,5
expressive,5
expulsion,5
exquisite,5
exterior,5
external,5
externals,5
extinguish,5
extract,5
extracurricular,5
extradite,5
extravagant,5
extremist,5
eyelash,5
eyelid,5
fabric,5
fabricate,5
fabulous,5
facet,5
facilitate,5
fad,5
fahrenheit,5
falter,5
familiarity,5
famine,5
fatigue,5
fatty,5
fearful,5
feasible,5
feat,5
feeble,5
feeder,5
fellowship,5
feminine,5
feminism,5
feminist,5
fertility,5
fianc,5
fiber,5
fiddle,5
fidelity,5
filter,5
fin,5
finding,5
finite,5
firecracker,5
firefighter,5
fireman,5
fireproof,5
first-class,5
fiscal,5
fishery,5
fitting,5
fixed,5
fixture,5
flake,5
flank,5
flap,5
flare,5
flick,5
flicker,5
fling,5
flip,5
flop,5
flounder,5
fluctuate,5
flutter,5
foil,5
follow-up,5
footage,5
footstep,5
forbidden,5
foremost,5
forge,5
format,5
formidable,5
formulate,5
forsake,5
fortify,5
fortnight,5
forum,5
fossil,5
foster,5
foul,5
fowl,5
fraction,5
fracture,5
fragile,5
fragment,5
fragrant,5
frail,5
franc,5
franchise,5
frantic,5
fraud,5
freak,5
fret,5
friction,5
fringe,5
front-page,5
frontier,5
fruitful,5
frustration,5
fume,5
fumes,5
fundamentalism,5
fundamentalist,5
funding,5
furnace,5
fusion,5
galaxy,5
gallop,5
garment,5
gaseous,5
gasp,5
gathering,5
gauge,5
gel,5
generalize,5
generate,5
generation,5
generator,5
genetic,5
genetics,5
genre,5
geographic,5
geology,5
ghetto,5
gilt,5
given,5
glamor,5
glamorous,5
gland,5
glare,5
glassware,5
gleam,5
glee,5
glisten,5
glitter,5
gloom,5
gloomy,5
gnaw,5
go-ahead,5
goalkeeper,5
gobble,5
going,5
goodwill,5
gore,5
gorge,5
gorgeous,5
gorilla,5
gospel,5
governmental,5
grassy,5
grate,5
grill,5
grim,5
grip,5
groan,5
grocer,5
groove,5
grope,5
gross,5
grove,5
growl,5
grumble,5
guaranteed,5
guerilla,5
guerrilla,5
guideline,5
guild,5
guitarist,5
gulp,5
gunman,5
gust,5
gut,5
gymnasium,5
gypsy,5
habitat,5
hack,5
hacker,5
hail,5
hairstyle,5
half-time,5
halve,5
hamper,5
handbook,5
handicraft,5
handout,5
harass,5
harassment,5
hard-line,5
hardline,5
hardliner,5
hardwood,5
hardy,5
harmless,5
harmonica,5
harness,5
haste,5
hasten,5
haven,5
hazardous,5
head-on,5
heading,5
hearing,5
heated,5
heating,5
heave,5
heavyweight,5
heed,5
heir,5
helpless,5
hemisphere,5
henceforth,5
herald,5
herb,5
hereafter,5
heritage,5
hermit,5
heroic,5
heroin,5
heterosexual,5
hierarchy,5
highlight,5
hillside,5
hinder,5
hinge,5
hiss,5
hoarse,5
hockey,5
holder,5
holding,5
homeless,5
homogeneous,5
homogenous,5
homosexual,5
honk,5
honorary,5
hood,5
hoof,5
hopeless,5
horizontal,5
hormone,5
horsepower,5
hospitable,5
hospitality,5
hospitalize,5
hostile,5
hostility,5
hound,5
hull,5
humanitarian,5
humiliation,5
hurdle,5
hurl,5
hybrid,5
hymn,5
hypocrisy,5
hypocrite,5
hysterical,5
ideological,5
ideology,5
idiot,5
ignite,5
illuminate,5
illusion,5
image,5
immense,5
immerse,5
imminent,5
immune,5
impair,5
impart,5
imperative,5
impetus,5
implicit,5
imposing,5
imprison,5
imprisonment,5
impulse,5
impulsive,5
inability,5
inaugurate,5
incense,5
incidental,5
incidentally,5
inclusive,5
incumbent,5
incur,5
indefinite,5
indicative,5
indicator,5
indictment,5
indigenous,5
indignant,5
indignation,5
indispensable,5
inertia,5
infantry,5
ingenious,5
ingenuity,5
inherent,5
inhibition,5
initiative,5
injustice,5
inland,5
inlet,5
inmate,5
inning,5
innovation,5
innovative,5
innumerable,5
insane,5
insecticide,5
insider,5
insight,5
insistence,5
insistent,5
inspection,5
instability,5
installation,5
installment,5
instantaneous,5
instinctive,5
institutional,5
instrumental,5
insulate,5
insure,5
insurer,5
intact,5
intake,5
integral,5
integration,5
intellect,5
intelligence,5
intelligible,5
intensity,5
intent,5
inter,5
interaction,5
intercourse,5
interim,5
interior,5
intermittent,5
interruption,5
intersection,5
intervene,5
intervention,5
intimidate,5
intricate,5
intrusion,5
intuition,5
invalid,5
invaluable,5
inventory,5
invert,5
investigator,5
inviting,5
inward,5
iq,5
ironic,5
irony,5
irresistible,5
irrespective,5
irrigation,5
irritable,5
irritate,5
irritation,5
isle,5
ivy,5
jack,5
jade,5
janitor,5
jasmine,5
jaywalk,5
jeer,5
jeopardize,5
jerk,5
jersey,5
jobless,5
judicial,5
judiciary,5
jug,5
jumper,5
junction,5
justification,5
justified,5
juvenile,5
kernel,5
killer,5
killing,5
kin,5
kindle,5
know-how,5
knuckle,5
lad,5
lame,5
lament,5
landing,5
large-scale,5
lash,5
lasting,5
latent,5
lava,5
lavish,5
layman,5
lcd,5
lead-in,5
lease,5
lee,5
left-wing,5
legislation,5
legislative,5
legislator,5
legislature,5
legitimate,5
lengthy,5
lesbian,5
lessen,5
lesser,5
lest,5
lethal,5
lever,5
liability,5
liable,5
libel,5
liberal,5
liberalize,5
liberation,5
lieutenant,5
lifeboat,5
lifeguard,5
lifelong,5
lighting,5
lightweight,5
lime,5
limo,5
limousine,5
limp,5
linear,5
liner,5
lineup,5
linger,5
linguist,5
literally,5
live-in,5
livestock,5
lizard,5
llama,5
loaded,5
locality,5
locked,5
locomotive,5
locust,5
lodge,5
lofty,5
logic,5
logo,5
lollipop,5
lone,5
lonesome,5
longevity,5
longitude,5
longtime,5
loom,5
loot,5
lost,5
lottery,5
lotus,5
lounge,5
lubricate,5
lucrative,5
lumber,5
luminous,5
lump,5
lunatic,5
lunchtime,5
lure,5
lush,5
lynch,5
lyric,5
made-up,5
mafia,5
magistrate,5
magnify,5
magnitude,5
maiden,5
maintenance,5
making,5
malaria,5
mammal,5
maneuver,5
manifesto,5
mar,5
mare,5
marine,5
marked,5
marketing,5
marsh,5
marshal,5
martial,5
marvel,5
masculine,5
mash,5
massacre,5
massage,5
massive,5
mastery,5
materialism,5
mattress,5
mayonnaise,5
measurement,5
mechanics,5
mediate,5
medical,5
medication,5
medieval,5
meditate,5
meditation,5
melancholy,5
mellow,5
menace,5
mental,5
mentality,5
merchandise,5
mercury,5
merge,5
merger,5
metallic,5
metric,5
microphonemike,5
migration,5
mileage,5
militant,5
militia,5
miller,5
millimeter,5
mimic,5
mining,5
ministerial,5
mint,5
miraculous,5
miscarriage,5
mischievous,5
miser,5
missionary,5
mistaken,5
mm,5
moan,5
mobilize,5
mock,5
mode,5
modernization,5
modernize,5
modify,5
mold,5
molecule,5
momentum,5
monarch,5
monarchy,5
monetary,5
monitor,5
monopoly,5
monotonous,5
monotony,5
monstrous,5
moody,5
moor,5
morale,5
morality,5
mortal,5
mortar,5
mosque,5
moss,5
motherhood,5
motorist,5
motorway,5
mounted,5
mouthpiece,5
moving,5
mower,5
multinational,5
multitude,5
municipal,5
mustard,5
mute,5
mutter,5
mutton,5
myth,5
mythology,5
nadir,5
nag,5
naive,5
nanny,5
narrate,5
narrative,5
narrator,5
nationalism,5
nationalist,5
nationwide,5
navel,5
navigate,5
navigation,5
nearsighted,5
necessitate,5
necktie,5
negligible,5
negotiator,5
neighboring,5
neon,5
network,5
newly,5
newlywed,5
newscast,5
newsreel,5
nibble,5
nick,5
nickel,5
nightclub,5
nightingale,5
nil,5
nitrogen,5
nominal,5
nominate,5
nomination,5
nonviolent,5
notable,5
notably,5
notation,5
noted,5
novelty,5
nucleus,5
nuisance,5
numerical,5
nurture,5
nutritious,5
oar,5
oasis,5
oath,5
oatmeal,5
obedience,5
obituary,5
objective,5
obligate,5
obligation,5
obligatory,5
oblige,5
oblong,5
obscene,5
obscure,5
observer,5
obsess,5
obsession,5
obstinate,5
occurrence,5
octopus,5
odor,5
offering,5
offset,5
offshore,5
offspring,5
old-fashioned,5
olive,5
one-time,5
onetime,5
opaque,5
openly,5
operational,5
operative,5
opposed,5
oppress,5
oppression,5
opt,5
optical,5
optimal,5
optimum,5
orchard,5
ordeal,5
ore,5
orientate,5
orientation,5
oriented,5
originality,5
originate,5
ornament,5
ostrich,5
oust,5
outdo,5
outfit,5
outgoing,5
outing,5
outlaw,5
outlet,5
outlook,5
outnumber,5
outrage,5
outrageous,5
outright,5
outset,5
outsider,5
outskirts,5
overdo,5
overeat,5
overhear,5
overlap,5
oversee,5
oversleep,5
overt,5
overturn,5
overwhelm,5
overwhelming,5
overwork,5
oxide,5
oyster,5
ozone,5
packaging,5
packed,5
packing,5
pact,5
paddle,5
pagan,5
paid,5
pail,5
pamphlet,5
pane,5
paperback,5
par,5
paradox,5
paralysis,5
paralyze,5
parish,5
parliamentary,5
parlor,5
parlour,5
parsley,5
participation,5
partition,5
passing,5
pasture,5
patch,5
patent,5
pathetic,5
patriot,5
patrol,5
patron,5
patronage,5
pavement,5
peacekeeping,5
peacock,5
peck,5
peddle,5
peddler,5
pedestrian,5
peek,5
peg,5
pending,5
pendulum,5
penetrate,5
peninsula,5
penis,5
pension,5
pensioner,5
perception,5
perch,5
perennial,5
peril,5
periodical,5
perish,5
permeate,5
permissible,5
perpetual,5
perplex,5
perseverance,5
persevere,5
persistence,5
persistent,5
personnel,5
perspective,5
pertain,5
pertinent,5
pessimism,5
pesticide,5
petition,5
petroleum,5
petty,5
pharmaceutical,5
pharmacist,5
pharmacology,5
pharmacy,5
physiological,5
physiology,5
picturesque,5
pierce,5
piercing,5
piety,5
pious,5
pipeline,5
piss,5
pistol,5
pitcher,5
plague,5
plantation,5
plaster,5
plateau,5
plausible,5
playful,5
playwright,5
plea,5
plead,5
pledge,5
plight,5
plow,5
pluck,5
plunge,5
pneumonia,5
poach,5
pocketbook,5
poetic,5
pointed,5
poised,5
poke,5
polar,5
pollutant,5
ponder,5
pope,5
popularity,5
populate,5
porcelain,5
porch,5
pore,5
postulate,5
postwar,5
potter,5
practicable,5
prairie,5
precedent,5
precipitate,5
precise,5
precisely,5
precision,5
preclude,5
predator,5
predecessor,5
predictable,5
predominant,5
predominantly,5
preface,5
preference,5
prehistoric,5
prejudice,5
preliminary,5
premature,5
premier,5
premiere,5
premise,5
premium,5
preposition,5
prescribe,5
prescription,5
preservation,5
preside,5
presidency,5
president-elect,5
prestige,5
prestigious,5
pretext,5
prevail,5
prevailing,5
prevalent,5
preventive,5
prey,5
priceless,5
prick,5
prime,5
priority,5
privatize,5
pro,5
probability,5
probe,5
proceeding,5
proceeds,5
procession,5
processor,5
proclaim,5
proficient,5
profile,5
projection,5
proliferate,5
prolong,5
prone,5
pronoun,5
prop,5
propagate,5
propel,5
propeller,5
proportional,5
proposition,5
prosecutor,5
prospective,5
prostitute,5
prostitution,5
prototype,5
provided,5
provincial,5
provision,5
provisional,5
provocative,5
provoke,5
prowl,5
proximity,5
prune,5
psychiatric,5
psychiatrist,5
psychiatry,5
psychic,5
psychical,5
psychological,5
psychology,5
publicize,5
puff,5
pulse,5
punk,5
purely,5
purify,5
purity,5
pursue,5
put-down,5
putt,5
pyramid,5
quack,5
quake,5
qualifier,5
qualitative,5
quantify,5
quantitative,5
quantum,5
quarrelsome,5
quart,5
quarter-final,5
quarterly,5
quartet,5
quartette,5
quartz,5
quench,5
query,5
quest,5
questionnaire,5
quiver,5
quota,5
quotient,5
racing,5
racism,5
racist,5
rack,5
radiant,5
radiate,5
radiator,5
radioactive,5
radish,5
radius,5
raft,5
ragged,5
raid,5
rail,5
rally,5
ranch,5
random,5
ranking,5
ransom,5
rap,5
rape,5
rascal,5
rash,5
rating,5
ratio,5
rational,5
rattle,5
ravage,5
rave,5
reactor,5
realization,5
realm,5
rebellious,5
recipient,5
reciprocal,5
reckon,5
reclaim,5
recommendation,5
reconcile,5
reconciliation,5
reconstruction,5
recording,5
recreational,5
recruit,5
rectangular,5
rectify,5
recur,5
redundancy,5
redundant,5
reef,5
reel,5
referee,5
referendum,5
refine,5
reflective,5
reformer,5
refrain,5
refreshment,5
refuge,5
refund,5
refute,5
regain,5
reggae,5
regiment,5
regulator,5
rehabilitate,5
reign,5
rein,5
relativity,5
relegate,5
relentless,5
reliance,5
relieved,5
relish,5
remaining,5
remains,5
reminiscent,5
remnant,5
removal,5
renaissance,5
render,5
renewable,5
renewal,5
renowned,5
rental,5
reopen,5
reorganize,5
repatriate,5
repay,5
repayment,5
repel,5
repertoire,5
replacement,5
replay,5
reportedly,5
repress,5
repression,5
reproach,5
reproduce,5
reproduction,5
reptile,5
resemblance,5
resent,5
resentment,5
reserved,5
reservoir,5
residential,5
resigned,5
resolute,5
resonance,5
resonant,5
resort,5
respectable,5
respected,5
respectful,5
respective,5
respectively,5
restrain,5
restrained,5
restraint,5
resultant,5
resume,5
retail,5
retailer,5
retaliate,5
retention,5
retirement,5
retort,5
retrieval,5
retrieve,5
retrospect,5
retrospection,5
retrospective,5
revealing,5
revenue,5
rhetorical,5
rhino,5
rhinoceros,5
rhythmic,5
rib,5
ridicule,5
rig,5
right-wing,5
rigid,5
rigor,5
rigorous,5
rigour,5
riotous,5
rip,5
risky,5
rite,5
ritual,5
rivalry,5
roach,5
roam,5
robin,5
robust,5
rocky,5
room-mate,5
roommate,5
rotary,5
rotate,5
rotation,5
rotatory,5
rouge,5
rouse,5
royalty,5
rsum,5
ruby,5
rugby,5
rugged,5
ruling,5
rumble,5
run-up,5
runner-up,5
rupture,5
rustle,5
ruthless,5
sacred,5
saddle,5
safari,5
safeguard,5
saint,5
salmon,5
salon,5
saloon,5
salutation,5
salvage,5
salvation,5
sanctuary,5
sandy,5
sane,5
sanitation,5
satisfied,5
saturate,5
saudi,5
savings,5
scarecrow,5
scattered,5
scenic,5
scent,5
sceptic,5
scorn,5
scramble,5
scrap,5
scrape,5
screwdriver,5
script,5
scroll,5
scrutiny,5
sculpt,5
sculptor,5
seam,5
seasonable,5
seasonal,5
seasoned,5
seasoning,5
secrecy,5
seduce,5
seduction,5
seductive,5
seeming,5
segment,5
segregate,5
segregation,5
selective,5
self-esteem,5
semi-final,5
semiconductor,5
seminar,5
senate,5
senator,5
sensation,5
sensational,5
sensitivity,5
sentiment,5
sentimental,5
separatism,5
separatist,5
serene,5
serenity,5
sergeant,5
serial,5
seriously,5
sermon,5
server,5
serviceman,5
servicewoman,5
settled,5
sewer,5
sexuality,5
shaft,5
shareholder,5
shear,5
sheer,5
sheriff,5
sherry,5
shield,5
shilling,5
shipment,5
shipping,5
shiver,5
shooting,5
shoplift,5
shove,5
shred,5
shrewd,5
shriek,5
shrine,5
shrub,5
shudder,5
shuffle,5
shun,5
shutter,5
sibling,5
sideways,5
siege,5
signify,5
silicon,5
silkworm,5
simmer,5
simplicity,5
simulate,5
simulation,5
simultaneous,5
sincerity,5
sinister,5
sit-down,5
sit-in,5
situated,5
skipper,5
skull,5
slack,5
slate,5
sled,5
sleigh,5
slick,5
slippers,5
slit,5
sloppy,5
slot,5
slum,5
slump,5
sly,5
smack,5
smallpox,5
smash,5
smother,5
smuggle,5
snare,5
snarl,5
snatch,5
sneer,5
sniff,5
snore,5
snorkel,5
snort,5
soak,5
soar,5
sober,5
socialise,5
socialism,5
socialist,5
socialize,5
sociology,5
sodium,5
soften,5
sole,5
solemn,5
solicitor,5
solidarity,5
solitary,5
solitude,5
solo,5
soluble,5
someday,5
soothe,5
sophisticated,5
sophomore,5
soundtrack,5
sovereignty,5
spatial,5
specially,5
specification,5
spectacle,5
spectacular,5
spectrum,5
speculate,5
speculation,5
sperm,5
sphere,5
spike,5
spine,5
spiral,5
spire,5
splendor,5
spokesperson,5
spokeswoman,5
sponge,5
sponsorship,5
spontaneous,5
sporting,5
spotlight,5
spouse,5
sprain,5
sprawl,5
sprint,5
spur,5
squad,5
squash,5
squat,5
stability,5
stabilize,5
stable,5
stack,5
stagger,5
stain,5
stainless,5
stale,5
stalk,5
stall,5
stammer,5
stance,5
stand-up,5
standpoint,5
stanza,5
staple,5
stapler,5
starch,5
stark,5
starter,5
startle,5
statesman,5
stateswoman,5
static,5
statistician,5
statutory,5
steamer,5
stereotype,5
sterling,5
stern,5
stew,5
steward,5
stimulating,5
stimulation,5
stink,5
stoop,5
storage,5
stout,5
straighten,5
strain,5
strained,5
strait,5
strangle,5
strap,5
stray,5
streak,5
streetcar,5
stride,5
striker,5
striking,5
stripe,5
stroll,5
structural,5
stuck,5
stumble,5
stump,5
stun,5
stunning,5
stunt,5
sturdy,5
stutter,5
style,5
stylish,5
stylistic,5
sub,5
subjective,5
submerge,5
submersion,5
submit,5
subordinate,5
subscribe,5
subscription,5
subsidize,5
substantial,5
substantially,5
substitute,5
substitution,5
subtle,5
subtlety,5
suburban,5
succession,5
suite,5
sulfur,5
summon,5
sunshine,5
superficial,5
superintendent,5
superpower,5
supersonic,5
superstition,5
supervise,5
supplementary,5
supplier,5
supportive,5
suppress,5
surge,5
surgical,5
surpass,5
surplus,5
surveillance,5
susceptible,5
suspense,5
sustain,5
sustainable,5
swamp,5
swap,5
swarm,5
sway,5
swollen,5
syllabus,5
symbol,5
symbolic,5
symbolical,5
symbolism,5
symmetrical,5
symmetry,5
symposium,5
syndicate,5
syndrome,5
synonym,5
synonymous,5
syntactic,5
syntax,5
synthesis,5
synthetic,5
tablespoon,5
tableware,5
tabloid,5
taboo,5
tackle,5
taco,5
tact,5
tactic,5
tactical,5
tactics,5
tailor-made,5
takeaway,5
takeout,5
takeover,5
tally,5
tan,5
tangle,5
tango,5
tanker,5
tar,5
tardy,5
tariff,5
tart,5
tasteful,5
tasteless,5
tattoo,5
taunt,5
tavern,5
tax-free,5
taxation,5
taxpayer,5
tb,5
teammate,5
teamwork,5
teaspoon,5
telecommunication,5
temperament,5
tempest,5
tempt,5
temptation,5
tentative,5
terminate,5
termination,5
terminology,5
termite,5
terrace,5
terrain,5
terrestrial,5
territorial,5
terrorism,5
terrorist,5
tertiary,5
testament,5
testify,5
testimony,5
textile,5
textual,5
texture,5
theatrical,5
therapist,5
thereafter,5
thereby,5
thermal,5
thermometer,5
thermos,5
thesaurus,5
thesis,5
thicken,5
thickness,5
thigh,5
thirds,5
thorn,5
thorny,5
threshold,5
thrift,5
thrifty,5
thrill,5
thriller,5
thrive,5
throb,5
throne,5
throng,5
thunderbolt,5
thunderous,5
tile,5
timeless,5
timely,5
timeout,5
timer,5
timing,5
tinkle,5
tint,5
toad,5
toady,5
toddle,5
toddler,5
toil,5
token,5
toll,5
tollbooth,5
tollway,5
tonic,5
tonne,5
topical,5
topping,5
topple,5
torment,5
torrent,5
torture,5
touching,5
touchy,5
tournament,5
township,5
toxic,5
tract,5
tractor,5
trade-in,5
trade-off,5
trailer,5
trainee,5
trait,5
traitor,5
traitorous,5
tramp,5
trample,5
tranquil,5
tranquilize,5
tranquilizer,5
transaction,5
transcend,5
transcendent,5
transcribe,5
transcript,5
transcription,5
transformer,5
transient,5
transistor,5
transit,5
transition,5
transitory,5
transmission,5
transmit,5
transparency,5
transparent,5
trauma,5
traumatic,5
traverse,5
treacherous,5
tread,5
treason,5
treasury,5
trek,5
tremor,5
trench,5
trend,5
trespass,5
tribunal,5
trio,5
triumphant,5
trivial,5
trolley,5
trophy,5
trot,5
truant,5
truce,5
truly,5
trustee,5
tuberculosis,5
tug-of-war,5
tumor,5
tuna,5
turbine,5
turbulent,5
turmoil,5
turnover,5
twilight,5
two-thirds,5
typically,5
tyranny,5
tyrant,5
ulcer,5
ultimate,5
ultimately,5
ultraviolet,5
umpire,5
unacceptable,5
unanimous,5
unbeaten,5
uncertainty,5
unchanged,5
unconditional,5
uncover,5
underestimate,5
undergraduate,5
undermine,5
underneath,5
understandable,5
underway,5
underwrite,5
undo,5
undoubted,5
uneasy,5
unemployed,5
unemployment,5
unfold,5
unidentified,5
unification,5
unify,5
unleash,5
unload,5
unlock,5
unpack,5
unprecedented,5
unrest,5
unusually,5
unveil,5
unwanted,5
up-to-date,5
upbringing,5
update,5
upgrade,5
uphold,5
upright,5
uprising,5
uranium,5
urgency,5
urine,5
usher,5
utilize,5
utmost,5
vaccine,5
vacuum,5
valiant,5
validity,5
valve,5
vanilla,5
vanity,5
variable,5
variation,5
varied,5
vegetation,5
veil,5
velocity,5
vend,5
vent,5
ventilate,5
venue,5
verbal,5
verdict,5
verge,5
verify,5
versatile,5
version,5
versus,5
vertical,5
vet,5
veterinarian,5
veto,5
vibration,5
vicar,5
vice,5
vicinity,5
vicious,5
victimize,5
victor,5
victorious,5
viewpoint,5
villa,5
villager,5
villain,5
vineyard,5
vintage,5
vinyl,5
virtual,5
virtually,5
visa,5
visualize,5
vitality,5
vn,5
vocal,5
vocation,5
vocational,5
vogue,5
void,5
volatile,5
volt,5
voltage,5
vomit,5
voucher,5
vow,5
vulgar,5
vulnerable,5
wade,5
wag,5
wail,5
wallpaper,5
walnut,5
ware,5
warring,5
warrior,5
wartime,5
watertight,5
watt,5
way-out,5
weakness,5
wed,5
wedge,5
wee,5
weird,5
weld,5
welfare,5
well-being,5
wharf,5
whatsoever,5
wheelchair,5
whereabouts,5
whereas,5
whilst,5
whine,5
whirl,5
whisk,5
whiskey,5
whisky,5
wholesale,5
wholesome,5
widow,5
widower,5
wig,5
windshield,5
winger,5
winning,5
withdrawal,5
withhold,5
withstand,5
witty,5
woe,5
woo,5
woodland,5
woodpecker,5
workforce,5
workman,5
worsen,5
worship,5
would-be,5
wreath,5
wrench,5
wrestle,5
wretched,5
wring,5
yacht,5
yarn,5
yearn,5
yeast,5
yen,5
yield,5
yoga,5
yoke,5
yucky,5
zeal,5
zinc,5
zip,5
zoom,5
abstraction,6
accurate,6
acknowledge,6
afterwardafterwards,6
aggregate,6
allocate,6
assign,6
attach,6
attached,6
automobileauto,6
bond,6
brief,6
capable,6
chairwoman,6
cite,6
colacoke,6
discriminate,6
diverse,6
domain,6
edit,6
enhance,6
estate,6
expert,6
expertise,6
explicit,6
farther,6
federal,6
federation,6
fee,6
flexibility,6
flexible,6
fulfillment,6
gender,6
ignorance,6
ignorant,6
incentive,6
incidence,6
incident,6
incorporate,6
index,6
inhibit,6
inhibited,6
initiate,6
input,6
instruct,6
intelligent,6
interval,6
invariably,6
madammaam,6
migrate,6
minimum,6
motivate,6
neutral,6
nevertheless,6
overseas,6
presumably,6
presume,6
recover,6
reveal,6
scope,6
subsidiary,6
subsidy,6
tape,6
tired,6
trace,6
transform,6
transformation,6
transport,6
transportation,6
underlie,6
